index,critical_temp
0,41.22510406476277
1,25.85946501272567
2,67.71807154981887
3,62.0172771189027
4,65.76922187847353
5,74.35948568610624
6,67.16650326371143
7,52.18035592813987
8,56.288768994078914
9,72.82381897211185
10,23.903498934886866
11,21.631429289549622
12,66.60197959098117
13,66.45048064563449
14,68.963291281609
15,68.963291281609
16,68.963291281609
17,68.963291281609
18,78.4683113112344
19,49.778927689591804
20,47.5162989459655
21,66.01397229270424
22,19.494673875046473
23,68.67298846636214
24,69.24145555003162
25,70.81313194727815
26,23.903498934886866
27,66.42913675634362
28,81.31323560642149
29,81.61769807055155
30,28.294163353949408
31,95.70397975461097
32,98.76128415856901
33,80.1926507113406
34,94.16388564305909
35,69.32730164567046
36,66.52252917042001
37,66.60082832463148
38,68.86535487300796
39,64.65024450016884
40,74.21675418670014
41,73.5115713346305
42,22.24220753785913
43,85.08064956548812
44,68.963291281609
45,85.08064956548812
46,51.36564788470437
47,69.723669981906
48,69.88644682860053
49,75.8947548405578
50,75.85043282761501
51,72.29956068378361
52,66.35956814417573
53,63.20311830209735
54,66.45048064563449
55,82.15119936419296
56,79.86584491376463
57,79.32976664536798
58,41.014675565234334
59,42.27073460511058
60,69.11478044571177
61,80.1926507113406
62,69.10085839478388
63,72.20741404836843
64,74.50952192862191
65,70.1894031610704
66,72.61984130803293
67,68.03084980824121
68,72.56017524481037
69,80.1926507113406
70,82.24829701734755
71,64.43840818609284
72,72.78209113321734
73,66.05126172617506
74,23.903498934886866
75,79.7335968928064
76,34.97261282983615
77,33.672276181741985
78,69.04547238684385
79,66.46551384570095
80,65.51478755256626
81,67.87600549693596
82,59.78109619617146
83,23.097853322455705
84,63.20605995088505
85,26.89370035742437
86,69.24145555003162
87,54.521434340213084
88,69.72794556686907
89,69.74324818913401
90,70.91018266184318
91,69.62036013278058
92,70.38659974626287
93,79.3534384716003
94,74.21484904435746
95,74.73571270289817
96,54.04614127411321
97,22.18949443576733
98,63.835890413462465
99,60.31563552702765
100,57.525625969711975
101,66.53071755454206
102,68.18907611290932
103,82.4580805232769
104,79.54168248880288
105,83.50898361688064
106,77.17059040871979
107,79.84261945464065
108,63.049472226420306
109,73.21802385106825
110,72.8926195081305
111,72.6732371174231
112,72.22206180192457
113,58.6776156574533
114,65.27006744625764
115,64.29172669635929
116,65.27006744625764
117,72.38022371357393
118,61.7900134194486
119,60.804681493700855
120,70.18414425737944
121,70.07155874252165
122,69.91324028108473
123,63.414972436944765
124,60.06751812651684
125,68.963291281609
126,63.19893148455361
127,70.09686743501092
128,98.76128415856901
129,26.311989968203
130,65.57928951839645
131,72.78209113321734
132,75.85658336559479
133,85.88833512004729
134,79.72394976488708
135,66.27847525592455
136,79.46002248148616
137,40.46714779213052
138,66.35956814417573
139,63.20311830209735
140,69.2699456316453
141,69.63683838876133
142,19.265729414281
143,19.976761601259348
144,69.11478044571177
145,66.42913675634362
146,62.39422019353718
147,62.04308271272137
148,76.16222607354375
149,61.05595173813403
150,82.9828190945897
151,78.43669904136806
152,77.21647359521083
153,73.5006316036348
154,72.6725855761974
155,68.963291281609
156,64.27748765577921
157,62.87046825345391
158,60.18297189879476
159,63.77250679915153
160,64.61749096015009
161,72.78209113321734
162,71.15012634301027
163,43.684618309648606
164,42.90302726153454
165,54.77423499961979
166,50.37355962166769
167,65.19979784832525
168,65.83989399998974
169,65.57928951839645
170,45.553650199112475
171,56.74944998500848
172,43.78934901156843
173,26.482114111802503
174,33.60376040999003
175,27.434133446276704
176,33.191117568263394
177,35.65747298922248
178,69.38516317627685
179,25.960382535486737
180,76.32288326843614
181,29.90827731106095
182,21.251364084769293
183,24.374666370685972
184,63.16767809232897
185,63.31290597012273
186,62.84244637321406
187,63.3210383408383
188,66.30022764262064
189,65.957282635831
190,66.46335871776486
191,25.460908240619215
192,64.99533321962943
193,68.963291281609
194,98.47573930746945
195,83.87017719315033
196,95.66325735150792
197,95.77794768298462
198,69.6822406658103
199,69.62177114234228
200,64.82064615179735
201,73.87517967947109
202,74.5103933867047
203,70.08043449101976
204,57.46683740701182
205,76.37527284594256
206,57.14944117712755
207,65.57928951839645
208,69.91324028108473
209,79.3534384716003
210,71.22648875264025
211,66.73463194843072
212,65.70012170636335
213,69.10085839478388
214,65.99111956859801
215,62.41087564211416
216,64.70086218390044
217,58.17118877985902
218,65.57928951839645
219,23.578924459772345
220,69.38516317627685
221,25.960382535486737
222,23.903498934886866
223,66.49533951015617
224,66.44020798016568
225,54.25672536828061
226,68.963291281609
227,66.40960155312679
228,94.83071537979534
229,59.56248002979892
230,26.228667625912202
231,62.374366063657064
232,63.11044998288713
233,65.61482792716282
234,66.22848994381823
235,66.37799947295663
236,48.5691249695731
237,49.45186095096468
238,51.11742527334831
239,54.73060928047335
240,59.96335099926359
241,64.14725132001003
242,63.53685688182969
243,64.12865872303738
244,66.37776512693812
245,78.55587914421584
246,79.42578459785076
247,78.67494541411664
248,62.9275756350131
249,63.21849518700749
250,66.49684027375763
251,66.59542860864622
252,69.56712659469974
253,70.91018266184318
254,64.87923310354147
255,75.92691004053773
256,75.92691004053773
257,58.44395280718956
258,65.0566623052455
259,24.559377778740807
260,80.0609320463922
261,75.28647656644013
262,59.98872837424504
263,60.243071674845005
264,57.74876566733979
265,53.35001493543657
266,69.62036013278058
267,80.32731454929574
268,53.56293865788622
269,80.1926507113406
270,63.19893148455361
271,70.44894937737153
272,95.66325735150792
273,82.78747708287815
274,82.85120119219422
275,82.91528178095061
276,83.00744980961964
277,83.61529040643205
278,32.423055027893895
279,40.710461963683684
280,-10.69585025701387
281,-10.680653594434357
282,24.559377778740807
283,-10.78293657285732
284,63.003316057658836
285,63.19893148455361
286,68.30265667568227
287,24.570216970676164
288,64.4839148274427
289,82.7150822187333
290,82.7150822187333
291,63.201669968837834
292,70.91018266184318
293,28.928489194203536
294,25.019851456468093
295,95.66325735150792
296,66.49350195498766
297,29.416361371543545
298,50.36625181975819
299,31.082095290869937
300,25.960382535486737
301,23.903498934886866
302,72.29956068378361
303,77.27121909599639
304,76.89090335960098
305,62.11408476579899
306,64.11397379097559
307,64.6952878549211
308,67.23624470145393
309,64.11397379097559
310,66.35724847678746
311,55.70840175250982
312,18.47783652800266
313,9.984914096471963
314,76.44496387830323
315,72.78209113321734
316,30.27444225184471
317,61.59586078612594
318,60.94645050705985
319,58.82905054712109
320,72.78209113321734
321,58.55255682363231
322,65.53072898340277
323,61.97777356927732
324,64.99533321962943
325,65.50994270797324
326,63.36691949499813
327,26.615799893004816
328,28.22617126030498
329,22.18949443576733
330,80.1926507113406
331,34.27989631360568
332,23.903498934886866
333,21.04163841202335
334,21.109432182234524
335,19.423338579105856
336,19.618559151708247
337,19.757078249429902
338,21.110406936360267
339,21.037081715905114
340,21.91026610751776
341,19.342609230211774
342,19.494673875046473
343,23.80080606447001
344,66.35724847678746
345,63.20403946065916
346,76.2539949924608
347,62.57854219061592
348,83.09546966684691
349,66.8369185351311
350,66.72725612464745
351,66.54346177438246
352,69.63683838876133
353,69.37065011243538
354,80.1926507113406
355,65.7804033941332
356,61.666453331429324
357,62.63507064197191
358,45.45867057134591
359,56.411674037148465
360,57.49769275674
361,68.963291281609
362,76.14462405327292
363,74.36409099872824
364,73.15806334810712
365,38.02811602041961
366,34.095963181021474
367,36.53745940240299
368,59.1517620498029
369,55.43464998011339
370,68.963291281609
371,39.76405538054538
372,42.28019444282093
373,58.59777241347797
374,33.55597595531043
375,32.54077321490333
376,32.27347525381375
377,32.261961651583945
378,59.53577390113943
379,54.98316757173295
380,65.05464182087616
381,64.65688843543724
382,51.81196649391687
383,59.153674830073
384,68.55928431957459
385,71.71605708108271
386,21.100080660030216
387,22.240356634925295
388,22.35138858483316
389,20.833883381307924
390,64.87923310354147
391,22.342666190188446
392,23.93890099389089
393,72.91215604512828
394,26.482114111802503
395,65.57928951839645
396,83.44841439242508
397,79.52771797225394
398,45.6999403962516
399,69.05793995949439
400,64.84824914414514
401,64.65660264672584
402,62.173924460857236
403,46.88035681626165
404,23.396037098822063
405,69.53206352815651
406,83.75437992150063
407,25.433165400102823
408,14.601869035879812
409,83.83502105812636
410,33.89955287776676
411,75.1305386845457
412,73.70550994471957
413,76.6011291694571
414,69.07310511022699
415,63.21772511954772
416,64.99533321962943
417,54.75028894882765
418,57.13221822755634
419,60.25947859136957
420,56.6546736449507
421,82.70997749919053
422,82.69089563932802
423,79.4813351955756
424,66.39114263325506
425,67.10765485877553
426,72.78209113321734
427,42.386612888822576
428,47.42345896548214
429,80.03634137401572
430,58.49784427130857
431,64.87923310354147
432,64.87923310354147
433,63.73143318317439
434,64.53664943466116
435,21.453976446107585
436,61.09889057127066
437,32.95676068988847
438,65.5660052226608
439,66.98255563713171
440,68.25865893531542
441,69.48946681283086
442,74.85725016787362
443,65.42129400485989
444,57.87806247293728
445,56.53361994571082
446,58.55666505887854
447,65.57928951839645
448,71.60126821519559
449,74.48507157095435
450,70.85322889157739
451,70.2813795324882
452,73.47444761402424
453,65.73096459903938
454,23.275330307025317
455,23.88620278735756
456,71.65602332621835
457,73.42996166374857
458,35.325102272233224
459,64.56505719065255
460,57.57858503714085
461,82.70684964684753
462,81.31788065766084
463,79.50293102141646
464,78.71225577455188
465,59.40447002128657
466,57.321945170882074
467,62.795883346879236
468,59.97314648498783
469,33.28586206581244
470,55.748866136743224
471,59.17992931537822
472,57.24930729379875
473,55.5889906096874
474,55.35671348989074
475,54.39046700061322
476,44.19111755053771
477,42.87750067478418
478,45.32734137199863
479,45.16276654463638
480,63.08120854994402
481,60.434629856656265
482,65.92064357182934
483,23.43364859779537
484,59.7081173904863
485,64.86259131612135
486,50.254731098070906
487,26.85135663892123
488,28.98452434526348
489,28.28362507387188
490,110.6549351077029
491,101.70926965631531
492,101.63630863934085
493,109.46566157191751
494,32.95676068988847
495,32.95676068988847
496,65.57928951839645
497,24.862725351016095
498,72.23147455671506
499,73.66192222683843
500,52.113904597299616
501,33.11381359050613
502,60.890193217427566
503,23.21111824787519
504,53.801986349243855
505,79.80494814227238
506,69.50593452248097
507,69.66954637489673
508,73.87520161826971
509,69.2602670408633
510,66.78864098797453
511,78.6019761882633
512,59.48762061021028
513,60.27407635610201
514,23.21111824787519
515,25.960382535486737
516,72.6725855761974
517,25.433165400102823
518,75.56997508676174
519,56.29793008284815
520,32.401331920157446
521,68.56109366510762
522,22.18949443576733
523,68.963291281609
524,66.43776671485816
525,63.16685016309208
526,63.208339131096906
527,86.72603258239893
528,85.9498725727479
529,22.18949443576733
530,17.779523696160744
531,17.9204813748
532,59.110977829148545
533,75.85121039600266
534,75.25170871561095
535,21.480032831647367
536,21.7648299277868
537,84.54464079923969
538,82.99066353271584
539,24.559377778740807
540,68.963291281609
541,75.46476725979022
542,65.57928951839645
543,85.87835484620878
544,68.963291281609
545,72.78209113321734
546,78.86392232552102
547,66.86978975348613
548,53.29034912534646
549,54.5420504231697
550,57.13565890358879
551,75.17093437789366
552,70.54300715949826
553,63.82410680443874
554,66.05172657514183
555,68.31797473194584
556,68.55405180412451
557,44.950121175809805
558,42.30260239393043
559,77.47484360698026
560,75.65834479799427
561,76.86173637764315
562,42.64171833205724
563,52.05017573171758
564,47.49043353135313
565,68.11110190083656
566,68.71732462287454
567,59.31270853054702
568,58.80351517500915
569,26.267647899342236
570,24.844086815136173
571,63.42514621421776
572,66.7317793729564
573,59.61543694438827
574,80.55397369623718
575,86.84718234772926
576,66.4988119552881
577,68.04599195889216
578,68.1112289472936
579,33.19755634680214
580,27.84127732207194
581,62.60790964602046
582,50.052388175869304
583,80.46471265358953
584,45.10050131027331
585,93.77085470910238
586,66.24234438700245
587,56.926401440978466
588,73.56244347007183
589,77.2295001153575
590,77.2295001153575
591,69.83578042386043
592,65.40543358960852
593,59.71501244650145
594,72.84781218181391
595,68.1835146930452
596,64.15091425669335
597,66.53352741565136
598,65.92595456735685
599,25.141909523227646
600,25.019851456468093
601,25.932725487621383
602,20.89534431870037
603,26.89370035742437
604,65.4550183270814
605,65.44218207944691
606,22.86832983680835
607,71.6112345202033
608,20.391592665960776
609,23.396037098822063
610,-0.6437223128346048
611,65.97575983451364
612,63.854535419865954
613,65.16889839049998
614,46.35023796924084
615,54.4669955776813
616,38.94407300343093
617,39.95593287747425
618,40.215192754941015
619,33.60376040999003
620,27.048947419315507
621,69.48765321946019
622,33.224631307974846
623,29.11763399652152
624,28.782429990300635
625,31.38804236202528
626,30.44546605677224
627,31.191688728989618
628,67.269525577789
629,20.269747664482146
630,23.02646722903052
631,22.18949443576733
632,20.513768250202222
633,21.423480854734496
634,17.2605794771357
635,19.62312073133976
636,20.538778473160512
637,88.44360147468542
638,27.325687016694207
639,45.04262142789458
640,46.23385209809498
641,92.63758792696349
642,65.5661476426508
643,67.96488531283882
644,66.42304160542962
645,66.67517592584159
646,65.83989399998974
647,63.21186325141946
648,37.195462354397534
649,37.195462354397534
650,38.02254561129934
651,62.41567660017891
652,47.87213835738304
653,26.810753701430905
654,26.64501664388708
655,26.482114111802503
656,53.056089255470525
657,41.74444960143806
658,66.1138049420827
659,71.12671872750175
660,26.311989968203
661,24.559377778740807
662,65.71589470189002
663,48.907477932210035
664,65.80191127972846
665,83.83502105812636
666,53.10429389781082
667,69.99177291042281
668,70.13254910660983
669,89.22953704741376
670,55.16722746949878
671,54.49036279978513
672,61.901990827384395
673,60.40100337541349
674,59.92630528143703
675,58.53346116189295
676,66.01097678872623
677,65.17157084332014
678,63.280939834012585
679,65.53072898340277
680,64.15091425669335
681,82.24829701734755
682,79.09762785712644
683,78.31955207635747
684,97.49085628475709
685,70.72761926344442
686,68.2744799754622
687,68.44578697857179
688,65.41758508984061
689,57.775865462563516
690,94.82328115855101
691,23.903498934886866
692,69.51999436414198
693,77.05754615083335
694,69.13432237076886
695,66.4429369901717
696,67.97757107862668
697,70.66622859442525
698,69.3948488156412
699,66.88301319236277
700,66.31258479844846
701,77.88136306941888
702,61.051136219238956
703,60.58198517329708
704,30.13343707552813
705,77.97046901370801
706,53.65095447144405
707,53.67974418102113
708,27.06865796602397
709,105.86874443016004
710,102.50515851118558
711,94.33844760559292
712,68.98127042281784
713,69.91324028108473
714,64.95936800373136
715,64.52162677445813
716,77.30004727951385
717,83.05011441348144
718,93.92573488457504
719,93.92573488457504
720,70.10889354764588
721,43.380823485139956
722,53.49991514290779
723,56.138077440607155
724,65.90950398392349
725,63.1232879335257
726,76.8390014441349
727,93.92573488457504
728,97.34038902288604
729,93.69355009193939
730,103.75106928007293
731,103.9501905868449
732,68.963291281609
733,100.02594769996733
734,90.13855549715448
735,72.77808153932527
736,73.56984062846651
737,63.30410843176378
738,68.87910986191316
739,69.9707142209539
740,67.52965505603662
741,67.22762576622829
742,54.519623183865825
743,77.37703318712462
744,74.4169777345458
745,115.6185262202802
746,81.72044259710147
747,74.85348399815314
748,65.29278668863694
749,36.262717307276766
750,65.57928951839645
751,44.504003406393124
752,21.479301068409022
753,23.909200002053478
754,25.54073129009634
755,68.19959679256698
756,64.6952878549211
757,65.70709263242732
758,69.0521670553131
759,43.962272919960064
760,75.57256105310285
761,88.63242266852681
762,58.91362148627317
763,52.16246043213587
764,67.7287590216975
765,8.45589533393239
766,29.465731445359673
767,68.08873343908579
768,28.633610060434314
769,32.924129856895576
770,73.3434073688913
771,65.68276152380439
772,35.47584603224601
773,70.74919130092039
774,68.45107868170312
775,65.57928951839645
776,64.87510677050518
777,65.27006744625764
778,69.03170103807618
779,69.24145555003162
780,58.2685823873369
781,57.03115896089916
782,60.575574972104974
783,60.28088824087066
784,82.91976444192451
785,84.01465150089288
786,72.79783166539458
787,78.06974874957845
788,70.43537254435782
789,73.91763540647564
790,67.36672068516009
791,65.88803200464083
792,13.750262143460596
793,63.48435576191824
794,58.89335306485882
795,56.9331931521715
796,48.5691249695731
797,65.49211649663417
798,72.78209113321734
799,68.01699407453819
800,77.330011650203
801,100.30916165636243
802,96.6265028900771
803,56.35321240041167
804,58.304037914698895
805,74.06970245409602
806,71.60126821519559
807,70.2813795324882
808,43.66559234584697
809,113.58001705281725
810,45.10562722211107
811,87.38456413011203
812,95.66325735150792
813,93.12944732848035
814,99.76649011583922
815,71.2876211329903
816,70.87266323306764
817,69.62177114234228
818,69.16580660161368
819,68.98406675954078
820,69.18484797648634
821,69.2699456316453
822,69.53206352815651
823,80.1926507113406
824,80.34037123550857
825,80.1926507113406
826,67.56633651190839
827,65.14007563862282
828,66.35724847678746
829,69.28631688320982
830,66.43913566230955
831,18.473143454160443
832,69.47291492061568
833,69.34171942993285
834,25.460908240619215
835,72.78537217087613
836,69.01165927219876
837,64.63671824594175
838,62.25819698886484
839,60.183776379230096
840,54.21446751804647
841,54.21446751804647
842,75.61450508936393
843,62.60215565682515
844,68.3282520915859
845,68.47118751302882
846,69.07468008085942
847,71.1077177026537
848,62.058755874461156
849,60.382097402451826
850,56.96831990300933
851,79.83213913377519
852,63.129763318714495
853,67.27709907840391
854,65.16042013831945
855,60.35946024221327
856,65.07551428985322
857,65.70150433390619
858,66.22832630986848
859,66.77912701895956
860,61.78977496082375
861,77.25317730997065
862,65.40031897377693
863,58.73618435384619
864,55.407236336130445
865,60.659900781367824
866,53.75662998940625
867,55.49090257796621
868,64.17571345189656
869,78.77823378132021
870,64.6952878549211
871,78.58655259026004
872,68.23686179230353
873,70.39284291629671
874,64.71623693448429
875,70.6090335329781
876,112.26487450951488
877,58.384507142951875
878,68.31412555881855
879,70.71089954907731
880,64.29971150493296
881,62.19089158343051
882,68.66163921159495
883,69.88055641279868
884,62.021834767725124
885,68.99056609980349
886,61.99975128176139
887,60.91136804043337
888,59.13137223594699
889,63.02171561506668
890,60.511768315720495
891,56.235185249904255
892,55.103081623806325
893,56.39440615748823
894,94.34687907660309
895,87.32858797863734
896,69.2272572047467
897,69.62177114234228
898,65.12503418394877
899,63.578678217190955
900,55.217004672468484
901,74.92731111610941
902,75.093695698824
903,69.89637519649949
904,68.45228868431958
905,67.24873521478358
906,67.34509044555952
907,67.78381879271195
908,64.96316029148376
909,55.929921949405454
910,69.17455202195032
911,62.59564152391823
912,60.81041884691835
913,57.26820229972929
914,59.32151007724508
915,88.91501713508279
916,87.76518632203195
917,88.86229313255738
918,33.18335865043452
919,68.52726321428608
920,77.32324392673513
921,70.50592419860084
922,30.328239682418513
923,62.01209228796101
924,117.6420735157524
925,36.30914438329262
926,65.44525210988746
927,66.4972356063002
928,66.40818013380398
929,65.92190260713846
930,65.34104891905412
931,66.40818013380398
932,66.40818013380398
933,50.834583853485256
934,69.42889425559858
935,69.37065011243538
936,81.10340359933069
937,75.74097669469836
938,80.94960058511445
939,75.81646109030055
940,72.78209113321734
941,73.2231908774362
942,74.3957442035939
943,80.1926507113406
944,56.02156644610112
945,57.62779612302637
946,84.30783830016814
947,68.23611582261185
948,69.88326787055419
949,70.47213333815897
950,71.02588035886761
951,72.7416472014077
952,46.924477249215926
953,46.85194776072188
954,54.324759167351175
955,58.49883124276218
956,58.64678302049011
957,62.11178705733204
958,64.33944915672666
959,36.65196415134472
960,34.50234096274787
961,34.9301220815151
962,69.01795959294962
963,63.27281910495796
964,59.354897246635225
965,60.786670790190335
966,97.49085628475709
967,105.86874443016004
968,26.293840475153225
969,21.74021546895547
970,29.799561888367393
971,29.264506004943904
972,33.9921668587724
973,33.002566400660626
974,38.68328089193867
975,33.695259325933925
976,81.58473044258628
977,72.04765225557924
978,60.926533577033155
979,59.84090911727989
980,69.87957680009598
981,73.91068955122645
982,68.58741535050831
983,66.01996039099538
984,67.2096963997914
985,67.24283725734439
986,46.118824996450144
987,69.2602670408633
988,65.82720697123013
989,61.86465695822655
990,63.38506172972825
991,63.84826616759344
992,60.40766636606761
993,65.57928951839645
994,69.82182187544514
995,69.2699456316453
996,66.47993384977288
997,68.90673469505332
998,56.58841959647978
999,83.65434455037511
1000,83.65434455037511
1001,70.91018266184318
1002,39.289383051255854
1003,27.80266386359621
1004,28.294163353949408
1005,77.70018754736653
1006,69.41428516451563
1007,65.45038378885961
1008,58.79104147955226
1009,53.29686631631103
1010,59.53577390113943
1011,85.6108545636952
1012,22.48004485267913
1013,25.31581659353856
1014,73.21263486439366
1015,77.6851175781434
1016,77.35578346587246
1017,74.40959929357538
1018,69.38368832649839
1019,71.82328584830476
1020,85.88833512004729
1021,71.17576379322313
1022,70.94196736993575
1023,56.40101642962463
1024,70.74627559621734
1025,36.80658757824088
1026,35.787991467983225
1027,35.787991467983225
1028,34.06834832282015
1029,32.358699578901124
1030,72.75799242744962
1031,72.33852054557912
1032,73.03028811137159
1033,76.05477449042401
1034,58.09693948827212
1035,57.3552622989817
1036,27.37339714180818
1037,71.68794830735438
1038,61.51758605422701
1039,61.384112664045205
1040,61.66041374627311
1041,61.41267671378833
1042,206.0047349020034
1043,80.1926507113406
1044,71.26617488986496
1045,67.69057840038063
1046,51.64749845426109
1047,67.73788460791054
1048,111.56490759509009
1049,111.56490759509009
1050,22.990747696821686
1051,44.2213614983693
1052,45.16885435325174
1053,45.14943681862538
1054,42.30459933683506
1055,46.548323246036865
1056,44.56141710086139
1057,45.60232972978217
1058,45.55416430139392
1059,71.52746043637089
1060,71.94806154383353
1061,77.30917848419894
1062,79.38051841524762
1063,76.4206889357549
1064,81.0136402942428
1065,81.18094845892976
1066,48.66154270153831
1067,48.66154270153831
1068,27.760788147351086
1069,29.67385095341652
1070,81.00012236009624
1071,37.36616506148435
1072,63.706274908393354
1073,68.87600090601057
1074,48.837485775944366
1075,59.823369057269645
1076,62.91837869855917
1077,105.43462667249088
1078,68.50244683107155
1079,97.82673002589053
1080,72.2595396401846
1081,73.97735324364204
1082,69.24856638128846
1083,47.59192955986786
1084,35.23856938620776
1085,34.15089950273424
1086,75.20086116355289
1087,68.81482207981745
1088,77.30779698667689
1089,75.81646109030055
1090,72.33852054557912
1091,72.71592964843654
1092,72.71592964843654
1093,75.96728027028264
1094,64.56265843384618
1095,64.56265843384618
1096,26.228667625912202
1097,19.0410385351052
1098,61.97777356927732
1099,65.85907861978839
1100,67.66721238847944
1101,68.28596256078256
1102,27.40542246817287
1103,55.195993435701524
1104,61.27441669243473
1105,56.64539731561877
1106,27.60832664264862
1107,28.1916977848322
1108,63.181236001501105
1109,71.39413164436539
1110,50.147911346376745
1111,51.991556164124695
1112,59.33254989562907
1113,26.228667625912202
1114,65.42592178872503
1115,65.42440712459573
1116,69.53206352815651
1117,69.46057673390003
1118,23.476391789020873
1119,20.654314540123497
1120,20.69080175738642
1121,64.63393904036243
1122,80.1926507113406
1123,64.05647697156134
1124,28.377617508637893
1125,95.30782879541746
1126,95.30782879541746
1127,105.86874443016004
1128,98.76128415856901
1129,96.74501952955899
1130,66.19475901291507
1131,62.93234153929036
1132,62.47869070987896
1133,77.29367577382297
1134,69.70583938725568
1135,72.57387673610914
1136,95.87341662555632
1137,68.1998574502458
1138,69.82027264784678
1139,28.819499503472997
1140,66.2960199094466
1141,74.68945240178563
1142,73.73946301106723
1143,72.13046158918854
1144,91.87629795144075
1145,77.08980513560176
1146,65.8081076960139
1147,91.33198621939299
1148,48.44336181745681
1149,70.55730050226946
1150,66.77226570893801
1151,67.67908139594248
1152,68.62746526818934
1153,72.77482459892828
1154,75.38290490445556
1155,82.90245659729645
1156,82.48397556401102
1157,78.54375421022725
1158,77.55556623590327
1159,76.27756872747239
1160,75.66735278568439
1161,66.63114090563285
1162,67.56699420059155
1163,68.01791258328882
1164,69.21308988141168
1165,66.23949338206636
1166,68.22410912636954
1167,68.65646871952107
1168,66.35762896632191
1169,78.14735904239984
1170,78.14735904239984
1171,65.57928951839645
1172,69.04897605515974
1173,60.004700778999116
1174,69.7173396752148
1175,69.88251110893661
1176,69.86689956581873
1177,69.65193900059741
1178,61.98000807746297
1179,60.69356607406977
1180,71.46397249565996
1181,78.42786089807633
1182,65.57928951839645
1183,63.24611708672495
1184,60.0815647510633
1185,116.99221284396025
1186,50.38302180201991
1187,50.26924917740183
1188,50.140665878101345
1189,73.33740725642038
1190,64.56265843384618
1191,104.10032468031646
1192,104.10032468031646
1193,75.79850906834974
1194,69.03170103807618
1195,97.49085628475709
1196,80.84957613085714
1197,67.17540949211683
1198,66.85687615366349
1199,69.40132442090349
1200,73.02651574253053
1201,66.72385810470165
1202,65.12047618204859
1203,63.58040730868015
1204,60.33549419197711
1205,69.02466382550118
1206,62.16239756457858
1207,23.904704787236067
1208,23.890482548955525
1209,25.719006369429646
1210,18.206893786870744
1211,21.933658946721437
1212,32.39930848959639
1213,32.65014714232887
1214,61.16719238679633
1215,65.92255366152224
1216,65.53969818938053
1217,65.48376385219767
1218,63.51414110883992
1219,70.10486794354556
1220,22.572237267076183
1221,22.760844887470032
1222,26.589779440996157
1223,26.047380484906416
1224,24.001075922313333
1225,63.07336462053128
1226,22.236802042619992
1227,60.21787449597809
1228,69.37065011243538
1229,69.29856077847651
1230,59.26654047957731
1231,63.487607921914574
1232,59.50882335596911
1233,57.513450463203114
1234,57.416388792419156
1235,57.321945170882074
1236,72.43252090250925
1237,23.93890099389089
1238,25.31035825182204
1239,20.157562175981298
1240,23.138970223955162
1241,21.55178486135657
1242,74.89112322005133
1243,74.85789861219695
1244,70.81863826948144
1245,66.94073294824112
1246,68.963291281609
1247,29.85830406021573
1248,29.766865588517362
1249,36.79975447085566
1250,63.33722535758942
1251,63.830493150138295
1252,72.10643384491674
1253,26.166767203660967
1254,69.83578042386043
1255,69.6822406658103
1256,23.903498934886866
1257,20.318532249432796
1258,59.72427280247031
1259,71.90696794112179
1260,72.90226135053294
1261,73.87517967947109
1262,69.6822406658103
1263,57.91881098609421
1264,26.280393363528656
1265,68.44108118545242
1266,68.51631473018028
1267,16.640880310376048
1268,22.18040533312072
1269,42.61229912735792
1270,49.184029263164305
1271,35.981870118517875
1272,37.3529312564888
1273,33.60376040999003
1274,35.01571560039355
1275,68.78287727484815
1276,69.05612121871725
1277,72.07027093148571
1278,69.02466382550118
1279,70.995177194245
1280,64.87923310354147
1281,59.53577390113943
1282,61.32277762437759
1283,95.24185406662656
1284,53.056089255470525
1285,80.1230590415108
1286,77.0014679359926
1287,79.4813351955756
1288,61.89811758714055
1289,82.26367984565807
1290,64.60749201378884
1291,27.645195957665624
1292,64.52050708902881
1293,74.01697808675664
1294,70.91018266184318
1295,66.62627005061888
1296,70.91018266184318
1297,13.032128702649064
1298,61.081078956745245
1299,65.62257666569498
1300,66.30866695731753
1301,70.83820406420062
1302,73.38062769344465
1303,68.5025447212755
1304,79.26389627343575
1305,56.71854564012293
1306,55.98393115594169
1307,63.78650091493185
1308,59.9124163787779
1309,58.827287227440124
1310,57.867079576702366
1311,62.606115219771596
1312,60.457386521939604
1313,60.01510397364806
1314,61.0515894774278
1315,60.842442240735714
1316,62.56032041402031
1317,28.14787195979482
1318,78.07647999836642
1319,70.05605750828698
1320,69.38910346998391
1321,45.07945006948368
1322,72.78209113321734
1323,57.56200972264904
1324,21.716268887286393
1325,24.299275176683512
1326,66.74266838351103
1327,25.162410491462182
1328,58.87388538309719
1329,66.10697325617681
1330,66.66950159844595
1331,66.143792307565
1332,65.56408368160898
1333,60.47197285830623
1334,62.84552143128781
1335,72.76501284995838
1336,71.04946946154791
1337,62.978146630556864
1338,68.963291281609
1339,68.963291281609
1340,68.963291281609
1341,68.963291281609
1342,46.90904736585727
1343,57.84156636679305
1344,22.518609802509282
1345,70.98822947299121
1346,63.77524357465383
1347,52.97206082776093
1348,68.33265379525311
1349,67.16660357357824
1350,58.36201445186398
1351,70.09636398549347
1352,64.24587745272592
1353,69.21308988141168
1354,64.40363892183258
1355,65.29726582077173
1356,60.10438478577134
1357,78.94831599315141
1358,82.62523122329436
1359,68.95840579488821
1360,26.278732510427872
1361,26.265404940463966
1362,97.49085628475709
1363,69.03170103807618
1364,54.64962570369811
1365,26.482114111802503
1366,24.559377778740807
1367,17.604053909826124
1368,14.200331563139851
1369,62.56123641061072
1370,69.2699456316453
1371,69.12873287514708
1372,54.366490764567814
1373,65.5803612856959
1374,59.70357263756278
1375,63.08683122269234
1376,56.47809634130667
1377,59.96335099926359
1378,77.25317730997065
1379,33.38881775153384
1380,70.29056494825868
1381,108.31131832425054
1382,65.57928951839645
1383,74.71432506294128
1384,56.96519011757317
1385,56.5695453318701
1386,56.767807678553936
1387,68.963291281609
1388,66.17622470203037
1389,68.963291281609
1390,69.62177114234228
1391,71.61572294320369
1392,68.10412649083612
1393,58.98872463738728
1394,70.41691548826925
1395,59.80932473047654
1396,63.04524237766262
1397,63.292928664532255
1398,63.46356180197219
1399,39.08779616058795
1400,69.04547238684385
1401,59.338547173541265
1402,64.58450158409592
1403,64.96316029148376
1404,26.286417942357236
1405,70.91018266184318
1406,58.61593349405957
1407,60.30189741119358
1408,57.35289161516271
1409,65.5764899655393
1410,65.957282635831
1411,23.38863300488061
1412,32.925224143196054
1413,25.065569700554775
1414,45.68398714654792
1415,68.99056609980349
1416,72.89502409941414
1417,68.30265667568227
1418,69.04897605515974
1419,104.69916945653877
1420,60.890193217427566
1421,59.110977829148545
1422,61.97777356927732
1423,64.07124235673012
1424,62.76165868395171
1425,69.02482658246772
1426,69.09251971279095
1427,69.38225801210949
1428,69.65798860696921
1429,72.84781218181391
1430,66.53068216894253
1431,64.774843927098
1432,66.66588566301313
1433,66.8206797873168
1434,77.29227998881262
1435,22.367092720168696
1436,59.31484199408193
1437,71.27238826588419
1438,66.6238638478441
1439,65.33136861545103
1440,64.33553365118422
1441,65.0635502642783
1442,62.53549147214825
1443,61.76443162760198
1444,62.04308271272137
1445,59.7644448599718
1446,57.269303426545356
1447,-3.1151166242004695
1448,2.573957385769778
1449,1.9740851885863515
1450,21.433633263729686
1451,21.714756750454953
1452,22.861461806940856
1453,19.574109134695853
1454,19.574109134695853
1455,69.04547238684385
1456,61.94677037517435
1457,69.9138385836187
1458,70.48534159161956
1459,69.65193900059741
1460,22.99427926261236
1461,24.600902998643164
1462,26.370342569105777
1463,88.56468158969155
1464,76.15325346951795
1465,77.79094472101734
1466,104.78412930886329
1467,100.93142929911106
1468,77.2295001153575
1469,66.59218755756382
1470,61.602564951679796
1471,68.04567442016021
1472,69.77001407916553
1473,37.24960764136519
1474,46.105136358790496
1475,35.52694955694825
1476,27.264812888008837
1477,24.28231972018753
1478,16.52660247375713
1479,34.37431313961244
1480,33.60920189867916
1481,39.79994405673506
1482,72.78164432748866
1483,65.35619348503228
1484,63.16304827333694
1485,64.05854996872351
1486,64.31877166137625
1487,62.53549147214825
1488,63.024726970257305
1489,63.93801605448266
1490,64.60046138110256
1491,59.230988542285196
1492,59.55797298936721
1493,59.863145614369195
1494,60.15189095794906
1495,57.29353943875391
1496,58.23225864741019
1497,63.110570268361855
1498,61.550400047548266
1499,69.2513641799857
1500,66.77366739451911
1501,67.01696965983803
1502,67.03717690527262
1503,58.779780070041966
1504,57.49605959261595
1505,63.98128947885219
1506,65.25837445826234
1507,69.67977948017132
1508,34.291989321450245
1509,63.070117469891215
1510,63.003316057658836
1511,111.56490759509009
1512,27.408113457864783
1513,35.988588334626606
1514,64.87923310354147
1515,55.35760672428288
1516,55.98423123396142
1517,65.68227091922732
1518,66.3751774890179
1519,65.3510943156157
1520,62.97842326408545
1521,57.44737560693432
1522,57.77259302730817
1523,67.874543969784
1524,65.54898580657847
1525,65.55024382084612
1526,67.16389179083521
1527,64.6992811162071
1528,63.539374835917485
1529,69.00669860983676
1530,70.07168254596444
1531,19.382855813339095
1532,19.40686256070485
1533,19.510663565886208
1534,18.8328923348923
1535,19.658388178541234
1536,20.437917956547018
1537,64.5019903795204
1538,61.74105399753361
1539,58.817357726841955
1540,27.645195957665624
1541,77.32324392673513
1542,23.594587183999433
1543,24.70953764544225
1544,25.893364270967016
1545,25.398612149618888
1546,97.3646034367402
1547,97.30701680654312
1548,97.2025457581849
1549,97.1931185735971
1550,105.63920164230203
1551,105.6526026005213
1552,105.46613065296344
1553,76.8390014441349
1554,76.62791065313708
1555,77.45626579280541
1556,77.19643687280971
1557,77.67554323675371
1558,78.14735904239984
1559,72.78389362948077
1560,69.07310511022699
1561,60.32903684621302
1562,57.89441803942308
1563,57.62742789239212
1564,53.27768686508583
1565,54.73769135451634
1566,54.71236593173247
1567,57.819152186355446
1568,64.87923310354147
1569,110.61098500980617
1570,53.056089255470525
1571,20.670755619656397
1572,22.18949443576733
1573,24.559377778740807
1574,57.356991618767466
1575,52.56190308939387
1576,54.455066373789066
1577,54.68160781595682
1578,53.06698444122022
1579,53.72719202069819
1580,54.3569867015282
1581,54.60021557173755
1582,54.506834094357544
1583,68.963291281609
1584,68.963291281609
1585,26.89370035742437
1586,19.23581684662985
1587,21.515618844462878
1588,64.87923310354147
1589,77.9401935470464
1590,78.08392219707486
1591,19.342609230211774
1592,60.15552117408704
1593,72.74078740651929
1594,69.05927371793766
1595,69.08696664276277
1596,65.46985408817679
1597,61.84408031553252
1598,72.07811928510401
1599,23.903498934886866
1600,23.903498934886866
1601,32.15180097582494
1602,21.410314330533264
1603,21.696766856054108
1604,64.6992811162071
1605,73.01745727806414
1606,67.77982750627831
1607,63.08754783226996
1608,77.27669237635482
1609,77.37676430077002
1610,76.6240072300968
1611,77.06197807568446
1612,75.87702337775661
1613,77.25721856455077
1614,77.5792000926927
1615,19.414803371691715
1616,23.237489097637326
1617,26.047380484906416
1618,64.44378591183863
1619,57.86911252681194
1620,60.491781012519624
1621,61.86096656815596
1622,21.433633263729686
1623,19.17393824323385
1624,73.52732496960319
1625,69.26765622491402
1626,65.50274028719336
1627,80.1926507113406
1628,89.37795270224679
1629,70.4287989409641
1630,24.154227897721878
1631,26.291342783516978
1632,63.84839946303347
1633,64.51992231871488
1634,64.44375129993546
1635,19.342609230211774
1636,19.494673875046473
1637,20.890007333856065
1638,19.21008913217456
1639,19.423338579105856
1640,21.11821935929936
1641,20.538778473160512
1642,32.57973041957501
1643,21.18182982202015
1644,22.389253339032386
1645,22.639431190206423
1646,58.711138571308446
1647,72.11520883203815
1648,52.995973024926315
1649,72.59586662052912
1650,53.72681031430721
1651,31.093227408427595
1652,49.12664996652921
1653,77.17173776799183
1654,77.17173776799183
1655,77.17173776799183
1656,64.20116568167448
1657,56.74146824993101
1658,64.74080637444558
1659,63.50093413468535
1660,72.78209113321734
1661,60.36358375431256
1662,69.10219371455604
1663,80.1926507113406
1664,69.39970816588605
1665,68.32054346856111
1666,68.83633145223469
1667,75.51935787781903
1668,83.44841439242508
1669,92.12994704798543
1670,95.44083298946836
1671,70.95929639584278
1672,53.75612373974823
1673,82.24584219335418
1674,107.67026025260601
1675,119.20318071921261
1676,104.26466109036092
1677,80.16626488880159
1678,69.15672918887756
1679,62.105758209745446
1680,63.257382935073025
1681,66.92295621527465
1682,67.65744584444029
1683,63.565588909876624
1684,101.88915553660067
1685,100.76117589524728
1686,65.92190260713846
1687,67.11211622421922
1688,62.012861858127536
1689,46.74446111187173
1690,46.6346588140672
1691,54.55912862594268
1692,31.850691448905025
1693,97.96774047274904
1694,60.25947859136957
1695,57.81981392111491
1696,36.596294996232714
1697,28.22617126030498
1698,21.529634927067555
1699,69.82027264784678
1700,69.44353552275035
1701,65.27940423942788
1702,65.92776355404982
1703,100.23883132384948
1704,89.79755552650717
1705,105.86874443016004
1706,33.631864189802656
1707,64.65023724358231
1708,60.21946522416128
1709,62.51357254474705
1710,69.44353552275035
1711,33.16764220506693
1712,35.98999178505843
1713,26.047380484906416
1714,33.56931139290103
1715,32.79080304622628
1716,31.669584445035923
1717,23.21111824787519
1718,23.578924459772345
1719,33.87400687956967
1720,74.86491245599164
1721,74.98717020768851
1722,22.18397405303357
1723,63.13244495807767
1724,62.90997520907675
1725,69.34171942993285
1726,63.34930713250982
1727,19.976761601259348
1728,19.265729414281
1729,23.51257920510634
1730,21.999569983435812
1731,23.697009632847603
1732,71.8113176406479
1733,61.958895386458266
1734,60.82440000290931
1735,69.57913337334284
1736,40.00647298179314
1737,69.08696664276277
1738,21.069096987059115
1739,23.4645089413854
1740,72.47113020564454
1741,72.86601511430194
1742,35.62024818455376
1743,65.41987310789109
1744,27.48763877737346
1745,32.02998682870515
1746,57.62222145441982
1747,53.57905684454598
1748,60.48163841642935
1749,61.74740696293519
1750,76.17829529626786
1751,76.12943085276355
1752,78.383269827623
1753,22.772777652951763
1754,20.283657834710695
1755,23.077459063475008
1756,30.36889603553815
1757,20.283657834710695
1758,33.09929738029491
1759,77.2295001153575
1760,77.84448883414169
1761,74.06818279793546
1762,74.45684352743956
1763,73.98025585630782
1764,28.141871612376626
1765,58.43822166856397
1766,59.787564421329115
1767,57.13221822755634
1768,80.1926507113406
1769,71.48201611905102
1770,65.2058577158117
1771,64.75931732435562
1772,64.49546588205774
1773,64.15742404715634
1774,26.311989968203
1775,26.311989968203
1776,18.609981086865385
1777,35.12481298227751
1778,38.1512780932084
1779,38.79965715582105
1780,38.6891523579804
1781,64.79868377648256
1782,66.1479936147313
1783,62.84149421903548
1784,64.23068651757154
1785,36.80658757824088
1786,22.577213220863047
1787,25.25106917607636
1788,101.73736204060536
1789,25.697971121279146
1790,100.88490809206658
1791,97.94417587810378
1792,83.09994203204053
1793,95.95755797195163
1794,80.71760525643634
1795,84.26524724246921
1796,89.90288341832398
1797,67.32790914248149
1798,67.14031690404887
1799,66.25546888079592
1800,32.09649685660104
1801,33.24763009128277
1802,33.25552974647971
1803,33.12594503626805
1804,32.463557023238366
1805,42.54285034777617
1806,44.541041624919316
1807,21.421012940251018
1808,20.66964652625131
1809,61.8228797441829
1810,62.978146630556864
1811,20.681295838664596
1812,21.724674408547152
1813,21.829127417989422
1814,65.02137447449091
1815,72.86724255783066
1816,25.852497946642963
1817,28.783155551031523
1818,27.81306172952585
1819,28.531347205099838
1820,61.40024055749984
1821,58.60579177434934
1822,22.10169294468454
1823,59.466445375106055
1824,27.319243442388686
1825,26.803705142824047
1826,26.409853913322824
1827,58.357725536791094
1828,71.48322485476079
1829,71.48549290889794
1830,67.3353175267241
1831,77.09232829292583
1832,57.46860484286333
1833,35.33500651993888
1834,38.07368865499053
1835,38.099800995437185
1836,26.347536133213918
1837,25.83002185158703
1838,83.46997391367952
1839,83.21284544361377
1840,83.08171836932587
1841,82.76027513849783
1842,82.7150822187333
1843,13.032128702649064
1844,14.923749026610292
1845,88.65502045518497
1846,53.76389455628549
1847,53.964998181550435
1848,59.53577390113943
1849,22.89357846100729
1850,20.670755619656397
1851,25.460908240619215
1852,26.89370035742437
1853,27.645195957665624
1854,69.6822406658103
1855,69.38516317627685
1856,69.31291545596773
1857,63.6130978212382
1858,61.01832981962818
1859,25.29939187991001
1860,29.435429095766942
1861,62.33214658839883
1862,62.33214658839883
1863,30.5461203658923
1864,93.4199716149242
1865,94.38930200847093
1866,76.53363917268285
1867,23.903498934886866
1868,24.37045516951779
1869,23.65073776553653
1870,22.313225711864014
1871,28.228119713754538
1872,23.32408468689041
1873,22.577213220863047
1874,59.77831968773235
1875,55.56201844839887
1876,22.654977520081452
1877,60.03703685474242
1878,66.92608579582995
1879,65.26033202203132
1880,28.553705543515676
1881,80.19823765091395
1882,79.55385942936276
1883,79.09273994038331
1884,34.529350142871394
1885,69.91382150106698
1886,68.96866857586208
1887,67.73475576443211
1888,67.16389179083521
1889,42.954010836672055
1890,33.764574021443885
1891,29.063742789627426
1892,34.70251132064961
1893,40.556038682428536
1894,20.522829508601887
1895,68.6510262769452
1896,65.57318369162176
1897,23.851878107737416
1898,10.064468729785204
1899,34.68707005063909
1900,26.09634727482029
1901,89.21738240851246
1902,65.57928951839645
1903,65.57928951839645
1904,65.52651496718816
1905,61.88457827091267
1906,61.19894323350323
1907,60.48716509486061
1908,61.10803370079718
1909,26.810753701430905
1910,26.168679187568376
1911,22.23737613145428
1912,13.253701658939256
1913,66.2288873286361
1914,35.45381450371396
1915,33.764574021443885
1916,27.645195957665624
1917,39.64745268535061
1918,25.28908542128211
1919,38.80094078858217
1920,33.418483261077206
1921,33.09379387331008
1922,28.90163049353321
1923,11.721709275702592
1924,11.233370317268776
1925,28.68920540580448
1926,29.63786634854791
1927,30.17101165870865
1928,41.79004941512054
1929,60.73011628674652
1930,60.34559110959309
1931,33.04912079535077
1932,14.714522612444984
1933,12.34386469343046
1934,11.721709275702592
1935,85.72334368028424
1936,85.98373070283064
1937,84.54679621222388
1938,80.16557701942625
1939,33.60376040999003
1940,65.41825394036618
1941,27.065125819203132
1942,26.760723481663778
1943,26.449857848489486
1944,26.482114111802503
1945,26.40463873656366
1946,26.252679190901063
1947,26.482246977103944
1948,26.482246977103944
1949,26.032389170373754
1950,74.86886470762842
1951,16.660420266740367
1952,16.52660247375713
1953,60.84004582568797
1954,18.587252396856798
1955,18.577180525009855
1956,63.6894191561269
1957,16.52660247375713
1958,11.311559386570366
1959,17.93637305568387
1960,18.85711806969942
1961,6.2249981178351455
1962,43.116234573537284
1963,39.289383051255854
1964,20.074453978801653
1965,20.074453978801653
1966,20.41489517655392
1967,20.074453978801653
1968,28.66090313169407
1969,69.40775444374815
1970,70.39534281239513
1971,62.00258904147272
1972,62.58934187017579
1973,63.45457783248226
1974,43.05385046821753
1975,45.67309614354711
1976,47.38646122847808
1977,50.424807337455874
1978,51.840488767245574
1979,31.22878230718311
1980,43.14456641885402
1981,66.12822477809293
1982,65.96159016634687
1983,65.32773920918537
1984,43.58346718452399
1985,44.030858676069386
1986,49.93664580198891
1987,47.88823294176298
1988,42.649889908207314
1989,62.09387125863327
1990,14.39365543308228
1991,71.25017890885148
1992,71.28220457500868
1993,47.23890330158351
1994,30.899549388646598
1995,62.66285902230365
1996,4.782704284585109
1997,4.782704284585109
1998,0.17945963467779613
1999,0.17945963467779613
2000,4.159725022365387
2001,4.782704284585109
2002,1.700609537491542
2003,-0.6298680903354064
2004,7.314177494187865
2005,5.077884594029635
2006,1.4891470963116955
2007,25.460908240619215
2008,26.615799893004816
2009,27.16761167333674
2010,26.36478196049403
2011,-1.6831333346396855
2012,26.36478196049403
2013,2.623234669785246
2014,0.8714093152534623
2015,16.52660247375713
2016,-5.68514525961928
2017,17.486844288850456
2018,19.716309331425485
2019,69.84198410481235
2020,67.26355994039342
2021,74.64162726926304
2022,49.563769715406785
2023,27.7436390571294
2024,26.36478196049403
2025,-4.161403591824516
2026,100.6908461463781
2027,95.42248710549654
2028,23.3699666804926
2029,36.103687091037024
2030,10.116514808726256
2031,26.118975854903656
2032,17.13617426485952
2033,18.0532601165397
2034,12.034424540321625
2035,47.786646148323214
2036,44.030858676069386
2037,46.21071578486513
2038,47.88823294176298
2039,45.98778786769366
2040,43.58346718452399
2041,-7.245309577754554
2042,5.309712740270218
2043,42.704343938321394
2044,45.353683605229755
2045,39.26375558922352
2046,60.382097402451826
2047,17.676418076044072
2048,11.1150079421345
2049,11.047485762350455
2050,9.526574819557784
2051,19.716309331425485
2052,2.1450796867792707
2053,-3.3150025337198255
2054,25.676733722163128
2055,-0.5711558340557126
2056,15.435648595833957
2057,11.275739759003642
2058,7.601702063737418
2059,17.8400333456792
2060,8.076852698018108
2061,13.906247497661568
2062,7.337739550769356
2063,7.409012886011276
2064,7.508721183822594
2065,26.09455759729315
2066,69.30593330069236
2067,69.01782759405
2068,74.00993291980441
2069,68.17826405120844
2070,7.312336601086926
2071,0.03362501898103387
2072,68.51748296578366
2073,61.35202013291125
2074,23.0014321859001
2075,23.08463065090934
2076,32.401444859259705
2077,31.595324213455655
2078,34.33775913966441
2079,86.05712289846329
2080,87.31566261119535
2081,105.9152906610079
2082,110.61984572977472
2083,20.246195076067586
2084,67.8622152347823
2085,67.75825204575634
2086,58.70007995691962
2087,26.804447942338804
2088,27.514297078336185
2089,5.770203309619262
2090,8.817873847209885
2091,12.447861101615738
2092,1.6554102818596563
2093,10.295430734174758
2094,6.576309350577471
2095,22.281498330441877
2096,21.757427249379976
2097,20.788500831948696
2098,16.12167052728517
2099,-8.417009131129834
2100,-3.1151166242004695
2101,-3.990059201119031
2102,12.681516426236982
2103,11.54700643500227
2104,69.87470099712269
2105,29.632723118480975
2106,30.581173974580906
2107,11.648579567224118
2108,-44.44270331396088
2109,26.36478196049403
2110,22.046508396121087
2111,20.080229057681713
2112,15.440485200763131
2113,13.755026456218385
2114,80.3384630866227
2115,78.63352796522717
2116,83.52797005357672
2117,68.963291281609
2118,-7.2958068242099055
2119,17.13587662672233
2120,28.926374174572764
2121,15.923987752118464
2122,27.027186675990865
2123,8.373711544981097
2124,9.364152119095282
2125,1.498216901140161
2126,3.878451426628213
2127,19.639868155300054
2128,0.18680023899470477
2129,0.42355770462130726
2130,1.3253259428291404
2131,1.2442848847674552
2132,3.1469973395416027
2133,9.364152119095282
2134,27.227348098016037
2135,0.18680023899470477
2136,6.09331995421495
2137,5.147644492429514
2138,6.907022613206346
2139,-1.9600467116701061
2140,23.224524290553305
2141,33.47421396103237
2142,10.791453156859514
2143,10.374093706955357
2144,12.141742449310753
2145,11.567053841029118
2146,11.642413964436871
2147,8.946707524535839
2148,8.277676745964628
2149,4.928630773266821
2150,26.67775774860817
2151,22.392138607651933
2152,19.716867095177797
2153,27.421669097528437
2154,26.640908361995784
2155,27.712292413954906
2156,33.27452757994813
2157,70.94151323655018
2158,67.48218871112647
2159,-3.660955341430918
2160,26.482114111802503
2161,16.52660247375713
2162,108.95049243602244
2163,11.1150079421345
2164,9.165587033348901
2165,3.0607938197736004
2166,14.664788168122403
2167,6.7974924319199825
2168,19.662724534423027
2169,-2.082920393253705
2170,3.752281809488527
2171,12.00711176951596
2172,0.28854431246966383
2173,-12.777233525501602
2174,8.694746063206978
2175,18.49927089622383
2176,13.265455556243257
2177,-2.079231482359278
2178,7.651895033178397
2179,10.504540971172563
2180,12.460330940082986
2181,-4.032257130715014
2182,21.41221835283013
2183,4.175067063277114
2184,-5.295079179171166
2185,5.994773051567009
2186,-1.217767688927051
2187,9.308776138218082
2188,1.5994956007248478
2189,-3.394535423261848
2190,-0.5203581455091015
2191,11.701559387963949
2192,9.92409845312638
2193,-2.4336800864322563
2194,-19.350988434195756
2195,-25.610084877141365
2196,6.013352256657065
2197,-2.568164085015095
2198,1.256719029527198
2199,0.8600728061202068
2200,-32.261102572706534
2201,-22.928330734577784
2202,1.256719029527198
2203,-3.6861833510119286
2204,-5.172424293117286
2205,1.9799957126058372
2206,10.116514808726256
2207,-1.578966552287461
2208,1.2331291744270194
2209,15.239163921710702
2210,-10.891795262995501
2211,26.36478196049403
2212,22.86194443329845
2213,2.11253179340841
2214,1.3333853071375694
2215,4.523516805778546
2216,4.782704284585109
2217,6.776252669625828
2218,9.689811489222393
2219,22.86194443329845
2220,-2.601638943294368
2221,-2.017050213770887
2222,-3.931589815795955
2223,20.030967660598986
2224,-2.662925838172861
2225,-1.7976920265084708
2226,-1.7253257400741053
2227,-5.815805793851039
2228,8.325076296082555
2229,5.384901435289683
2230,-4.767709022229465
2231,16.062707997553204
2232,-4.223497743944913
2233,0.6091279806103387
2234,21.337003170479477
2235,27.63794010116376
2236,24.20831164451115
2237,26.36478196049403
2238,24.143565547241398
2239,23.127196028826503
2240,26.36478196049403
2241,12.41067929408958
2242,8.804110163431107
2243,-6.425491153126214
2244,-0.29107189374370446
2245,-0.2603483301639984
2246,0.521150216044262
2247,-5.4803746826298205
2248,-5.019320196922369
2249,1.8331332517246413
2250,9.398573293753183
2251,9.165587033348901
2252,12.447861101615738
2253,-12.503440785246212
2254,4.367294865712362
2255,-4.857989197448937
2256,-3.2548820552725033
2257,23.1832519981336
2258,-59.69134143910728
2259,-19.752065401451564
2260,2.900651603813367
2261,-13.305702013877836
2262,-10.387528472944362
2263,13.786177319674447
2264,7.354590891124609
2265,17.52889607800643
2266,17.999691420876296
2267,22.80573195273136
2268,13.297855432871277
2269,34.043437167621796
2270,3.234288796979177
2271,1.8726847974665883
2272,11.100916592974553
2273,20.33734823385518
2274,19.805220838453508
2275,16.77998134484228
2276,-10.248233888500812
2277,-17.92698011132609
2278,13.581781735582219
2279,8.379726411479854
2280,15.187626358539447
2281,-2.9941529781734326
2282,21.317016788377334
2283,0.08545120596537137
2284,0.08545120596537137
2285,23.53045214595501
2286,30.12729276563651
2287,12.691246094072804
2288,8.416271970818313
2289,19.675931091306282
2290,7.152258852295553
2291,18.50353336855319
2292,19.920648045965752
2293,24.67110709468775
2294,30.23790612619957
2295,29.290766038808407
2296,19.85286507840447
2297,11.62491725681484
2298,-1.6303512049248365
2299,15.508819312378893
2300,15.680294011016095
2301,2.3860386325150644
2302,3.567696572304494
2303,-3.908980142433328
2304,12.280397977963228
2305,9.210588734164242
2306,3.9071483006950594
2307,3.1943694336971937
2308,1.922047576172023
2309,8.997274710150073
2310,-0.10100891574592819
2311,8.244008490673991
2312,38.60725062469736
2313,18.885369839026694
2314,-3.283593033600101
2315,17.143953907802945
2316,-12.871779446521415
2317,-1.3272459005654689
2318,-1.3272459005654689
2319,6.5228737238936585
2320,0.19581774738625501
2321,4.916107051470821
2322,4.638595379885327
2323,6.787678094824567
2324,11.48205491363782
2325,1.1253992646415512
2326,6.738535357637955
2327,42.82187800649991
2328,6.702590807859176
2329,16.712006606504392
2330,-8.06293957859318
2331,6.2877073970131985
2332,3.462235225199498
2333,2.5954395814252216
2334,-13.63172274126696
2335,6.7974924319199825
2336,28.985418026943442
2337,8.839026678127773
2338,8.833596882873254
2339,19.389509708105958
2340,9.694775521525937
2341,13.763074053920302
2342,2.228932043354054
2343,14.520783947171747
2344,4.71317535457072
2345,23.470623722144936
2346,8.523456945537482
2347,-12.929993758807798
2348,5.982137147226178
2349,8.980071915382242
2350,8.729001570159616
2351,3.5090503005537164
2352,6.714870268367671
2353,5.464466861195271
2354,5.822405839957105
2355,16.845290495545182
2356,23.833359197682775
2357,50.12602226785595
2358,9.213925929236582
2359,13.92165548789512
2360,6.415111980738354
2361,-15.918338890432905
2362,1.2904227892138422
2363,-8.317136955609797
2364,-1.0394693272520894
2365,0.9785191489500358
2366,7.681138883383419
2367,-1.500036502109603
2368,-1.2168280566652174
2369,19.078828637553418
2370,-2.1544831439212384
2371,1.2809164680573701
2372,1.6827247730415964
2373,-10.948434708237858
2374,-1.07219625331797
2375,6.9770351143555605
2376,20.45433412693593
2377,18.066387645958898
2378,1.4532087123518007
2379,1.5855108095722823
2380,11.100617221344553
2381,-4.896716930411079
2382,13.934131335232646
2383,9.52896317563527
2384,13.188130772666383
2385,19.06206223943747
2386,26.019221492649212
2387,3.4370119435209574
2388,1.0380546752544726
2389,7.186032963425898
2390,1.9680875467966015
2391,1.0838914234703934
2392,-5.672557884097189
2393,-3.203907573329655
2394,6.158935652877572
2395,1.191623462660088
2396,0.6091279806103387
2397,-1.075969539934659
2398,-17.51339453893216
2399,5.918686472833443
2400,-9.209310742463408
2401,2.435570433533454
2402,-1.8278570579238267
2403,4.7222651584618465
2404,-7.529130784913729
2405,23.64485071574476
2406,0.1761729420588889
2407,-1.969801233740523
2408,3.7732688915932684
2409,1.8823102114303554
2410,8.980423756137387
2411,4.148174364975005
2412,-1.9927106357623914
2413,6.950806640288551
2414,-6.178523873820395
2415,14.428205073857963
2416,7.476443495300549
2417,-9.913010566235048
2418,3.185616667594714
2419,7.600635248071072
2420,3.4065656372470405
2421,4.398671271439652
2422,11.664718659876593
2423,9.542663139454248
2424,-0.281941878908305
2425,6.911360968747404
2426,4.736477759951851
2427,14.08671094691777
2428,13.04792355191735
2429,6.291015459217679
2430,7.553490103849182
2431,4.199048825232687
2432,4.072901793740515
2433,0.8426817344833015
2434,0.4665164543763387
2435,6.552842526596574
2436,4.840658107974028
2437,5.4435951446708355
2438,5.00214521670282
2439,4.354223971963785
2440,4.6319312503671055
2441,-0.014981099788721863
2442,4.834756336163655
2443,4.325282931953742
2444,12.964925453685098
2445,2.5788942499518512
2446,9.637902264711268
2447,5.689070250271657
2448,9.006406248015516
2449,8.268501164260963
2450,9.006406248015516
2451,13.685188133115723
2452,12.99236954157924
2453,-1.5689885675062891
2454,-3.195164717644906
2455,-10.29297671109138
2456,4.387769839612057
2457,9.142991706470532
2458,1.3959389308157828
2459,4.996040004462026
2460,10.265591731441132
2461,25.48857230834622
2462,0.222685354693807
2463,10.81456762003466
2464,12.594862515452922
2465,-2.8594087136151396
2466,2.2622919971419373
2467,-0.019751223658972084
2468,4.043186747840834
2469,2.763309468263367
2470,3.1889610591279274
2471,6.819094965092136
2472,5.491666689868103
2473,6.236917288881704
2474,5.712378263499186
2475,8.827631068065024
2476,7.855874040112949
2477,9.781792216828523
2478,13.083405067094912
2479,12.194815519453547
2480,4.115993522694382
2481,7.413456309708357
2482,7.13196077252009
2483,12.092298233827329
2484,10.128698925162297
2485,6.599469919354609
2486,6.534345114360322
2487,2.1050365219926928
2488,5.748050124520788
2489,9.892020776809037
2490,2.1319125361914564
2491,19.753860040977887
2492,-8.232240427308328
2493,-1.728502713435173
2494,2.190136526012676
2495,18.46316671779759
2496,3.999053181759849
2497,6.044955055518253
2498,4.014731972608391
2499,4.771753403646258
2500,4.643141577172465
2501,-1.4652204728143297
2502,-0.5302434406941385
2503,3.406955894673551
2504,8.008820622597106
2505,0.9009650851301423
2506,10.038292477336658
2507,0.9211305834380559
2508,7.244674360794942
2509,9.302580934729175
2510,3.6548085778562447
2511,2.309739652700994
2512,-2.3294151934300302
2513,-4.594196709618018
2514,8.049731757203988
2515,6.140710615236582
2516,5.148503476889987
2517,7.029317995216212
2518,13.33372936802473
2519,11.584657765719697
2520,13.42031427371015
2521,-6.347259888836629
2522,12.954427983266996
2523,13.42806427715039
2524,5.891223113864058
2525,5.0937598398971105
2526,2.8367156689686386
2527,6.846189697256033
2528,9.345639445268299
2529,3.398124492296458
2530,4.065006913130381
2531,4.007640566732983
2532,8.63437886448102
2533,9.74340194072238
2534,15.994152710466196
2535,19.02446550790752
2536,8.698512598798784
2537,7.585607675908102
2538,7.950412847009638
2539,7.314177494187865
2540,7.230261330409782
2541,8.854645459149907
2542,7.753489780682088
2543,12.158303108366027
2544,12.824622454390994
2545,12.796660528164947
2546,6.576309350577471
2547,-0.11659610380862206
2548,0.7968291849558553
2549,0.222685354693807
2550,15.994152710466196
2551,3.4520265770004173
2552,4.782704284585109
2553,4.782704284585109
2554,3.423353246531537
2555,0.8571677919411602
2556,3.5933807417550305
2557,3.462235225199498
2558,-2.128373048420149
2559,7.392726084271018
2560,-16.429872755877405
2561,28.05248822670303
2562,26.454899045793347
2563,10.565656109722633
2564,6.162283594158426
2565,3.199461434121895
2566,3.3467474109672395
2567,6.206702032117198
2568,0.18680023899470477
2569,-0.8423036105390906
2570,-10.873862755307368
2571,-10.505936786598387
2572,7.722721384767498
2573,9.257490185690557
2574,4.136443320499875
2575,0.8870249432423813
2576,6.7547685041930965
2577,0.19587408502282289
2578,3.045475196073931
2579,14.064884616805244
2580,13.751485957416556
2581,20.643982699506186
2582,16.401616780818078
2583,14.721495372734644
2584,15.058953910895529
2585,0.3107989906967421
2586,25.211150012273155
2587,18.82848077214289
2588,18.951202526456985
2589,13.670147146928368
2590,9.561888066063881
2591,20.341393756802514
2592,0.20247307539790738
2593,9.663916087432588
2594,11.330896673140765
2595,6.780024154521886
2596,10.677962015448099
2597,16.48897392127893
2598,9.906058839597337
2599,3.7201245700402037
2600,17.471547507102517
2601,16.143428976639193
2602,2.1407229012321123
2603,-1.891069277846145
2604,0.9055443499273617
2605,3.8833745449969905
2606,9.98756094156359
2607,-4.4610114684173645
2608,16.254493258273957
2609,15.27216174317983
2610,12.636044403905405
2611,7.602988217095838
2612,-2.885357645486585
2613,8.490657838688692
2614,-2.94464036650657
2615,1.0484310881427428
2616,-0.1578235803028618
2617,-4.849282183962039
2618,-5.368385862753572
2619,-1.637282574733225
2620,20.873536006637952
2621,75.29976973046504
2622,8.066039028363052
2623,12.982353536799913
2624,-1.8847990798002132
2625,17.716462059601916
2626,12.585859105280674
2627,20.615213149465074
2628,-7.255636725281374
2629,28.78474044422734
2630,-0.3692056644696473
2631,39.750577510639104
2632,1.5600222193974531
2633,4.7896199517746965
2634,3.514667884270512
2635,17.294953161839242
2636,15.649392042741663
2637,5.436067493495603
2638,14.245912645267747
2639,9.188270229855462
2640,25.298218357359588
2641,9.865143197833087
2642,9.328071326600218
2643,-7.910690745716372
2644,3.60400965820682
2645,6.9570778535094355
2646,0.8270529935829014
2647,8.086749729596328
2648,3.3370461620333822
2649,7.433619635088334
2650,7.159726658794094
2651,-0.1360335070601102
2652,-7.045388312451216
2653,-12.604450300890766
2654,33.407373496981606
2655,6.067678217086955
2656,-6.661376495818443
2657,5.027089061471445
2658,0.7926661884522455
2659,5.781842021166302
2660,9.866544874742328
2661,3.813093254024686
2662,1.5392997210625028
2663,4.955747057011077
2664,7.576362797348278
2665,9.799230119968588
2666,-2.778067296708464
2667,-3.195164717644906
2668,0.222685354693807
2669,-0.11659610380862206
2670,0.7968291849558553
2671,2.5120348242590635
2672,9.892020776809037
2673,5.17826684253323
2674,5.641579355367204
2675,-2.556666029261757
2676,15.962284398319053
2677,4.843431579959901
2678,16.659603336812882
2679,14.414697755646472
2680,5.777864246734159
2681,9.439512437111782
2682,3.1478096468004484
2683,7.203548195498987
2684,18.3263085493573
2685,9.328071326600218
2686,3.5981179881235654
2687,9.188270229855462
2688,26.29850568885239
2689,24.09294219096992
2690,33.318897617072146
2691,7.368195703489377
2692,11.61803474455384
2693,10.371948539935048
2694,9.595931625097187
2695,9.85182807828705
2696,6.792067723623417
2697,0.08347472783181553
2698,1.808295299020009
2699,8.33763191083619
2700,-15.23474485966105
2701,10.135743912542363
2702,11.146037144130359
2703,13.992246230705067
2704,11.284668340462758
2705,6.429030695545821
2706,6.424357585218528
2707,5.9812016958143115
2708,8.202992023474174
2709,4.071323541568435
2710,-7.245309577754554
2711,7.038171179872
2712,2.715885690201417
2713,-17.605816917644468
2714,16.893203232612297
2715,24.12637714429649
2716,-14.601784981585677
2717,10.696614640608074
2718,10.585390942234117
2719,10.570505266353766
2720,13.115369069970171
2721,-9.094616037858835
2722,16.109604067381525
2723,7.068790785838026
2724,11.993147518883188
2725,6.090801254448909
2726,4.1796404893226144
2727,11.146037144130359
2728,7.38605047999207
2729,13.988808912867665
2730,17.040187715382807
2731,18.107903720613162
2732,15.524767152040244
2733,13.886509593385782
2734,25.433165400102823
2735,14.669486614349548
2736,13.467870363566725
2737,9.44053306161335
2738,10.519576044952593
2739,10.541644610560372
2740,11.989924373474548
2741,6.788703785584097
2742,10.054159180140713
2743,9.458823448731334
2744,9.420565507253478
2745,8.782959229802929
2746,-7.283416711529707
2747,14.40674250916015
2748,9.962548288790495
2749,16.820803299411015
2750,-12.037648874217865
2751,-6.520869469236764
2752,-0.7272951225585729
2753,20.16546182851704
2754,8.33763191083619
2755,-1.513837963759316
2756,9.508678186420285
2757,15.14494963953927
2758,16.0240620099265
2759,15.920944948203548
2760,5.994773051567009
2761,-15.843106818702221
2762,15.920944948203548
2763,15.643556300232817
2764,9.079792541769077
2765,18.5395624509822
2766,10.629810087294814
2767,8.346545583860275
2768,6.72200967485171
2769,9.623829762864627
2770,10.431924180508062
2771,14.36769644913003
2772,14.409555001209
2773,4.92131917849364
2774,17.556065752401768
2775,17.783336740991512
2776,9.26101991253315
2777,31.782818615323613
2778,8.320776084746202
2779,9.026983044083568
2780,15.777235024417948
2781,16.54942092338432
2782,18.06042768675952
2783,17.956189224705817
2784,-1.6223462307709493
2785,-6.402842544249853
2786,-7.352997565396813
2787,-6.528064876410878
2788,-5.6720418117659515
2789,-5.333709236382999
2790,0.43114078520360843
2791,18.383517841223235
2792,17.691410476475816
2793,15.723054744041963
2794,16.640939832248858
2795,18.483677863788103
2796,12.38689574429526
2797,3.4751740938972384
2798,3.4751740938972384
2799,19.787803359551674
2800,19.675931091306282
2801,19.49522476505699
2802,5.994773051567009
2803,-1.0831726163634214
2804,-1.2381495538360385
2805,-0.21905427561945734
2806,3.012899140148571
2807,3.662863189129279
2808,3.7319102674466196
2809,6.780414303492746
2810,6.949255696738245
2811,10.046164595215831
2812,17.299667297579845
2813,15.920944948203548
2814,17.94667308362482
2815,12.445076937369198
2816,17.50995648276065
2817,6.537171312389745
2818,5.377357918180355
2819,23.028743500166645
2820,26.36478196049403
2821,26.36478196049403
2822,5.770203309619262
2823,10.696614640608074
2824,17.040187715382807
2825,16.954991053052908
2826,16.109604067381525
2827,14.591275896089044
2828,17.34949661894167
2829,-1.347170481017895
2830,4.61351152751563
2831,0.7968291849558553
2832,13.073513991456363
2833,-3.777745147068462
2834,19.5423945404564
2835,2.151089933681172
2836,11.948914850067174
2837,34.69274584253759
2838,5.770203309619262
2839,4.96273345570234
2840,-1.793351576048071
2841,-3.3974257404297803
2842,-1.5868025469088782
2843,20.18020939034765
2844,8.49120487549202
2845,26.36478196049403
2846,29.16720715329574
2847,26.36478196049403
2848,23.247001849991634
2849,25.25906886949773
2850,26.36478196049403
2851,25.91650703433958
2852,16.389804043710953
2853,4.628436275641174
2854,10.669554033386072
2855,10.669554033386072
2856,10.669554033386072
2857,12.526772958735807
2858,26.36478196049403
2859,22.57665914178279
2860,10.696614640608074
2861,0.503566360567437
2862,25.433165400102823
2863,56.37868626955439
2864,9.267162369167938
2865,18.470466963748194
2866,3.3111783180463377
2867,21.680423312507457
2868,4.866243347433285
2869,-0.18392297066291263
2870,-0.18392297066291263
2871,16.538372586530894
2872,13.075480784934832
2873,-2.948584136946322
2874,-12.913547565618247
2875,10.34648500212196
2876,10.323796527617347
2877,-3.0661250163539835
2878,12.599763180195026
2879,12.980872183222026
2880,12.994711535991826
2881,32.835277832096
2882,-2.090866258257961
2883,21.52853389383268
2884,26.36478196049403
2885,23.41954708068384
2886,22.919979146719207
2887,23.571518595123706
2888,21.793575818626472
2889,17.949365083264286
2890,10.737116569735269
2891,13.552547950463605
2892,11.468365873089281
2893,30.054726287220213
2894,23.78763386943044
2895,57.070710968084185
2896,15.783016838405125
2897,10.724697341484328
2898,26.474981319090766
2899,30.416854015122702
2900,5.998062964064632
2901,-15.306353753019813
2902,2.795558298127829
2903,6.414867869749672
2904,8.111318515207882
2905,3.862148699759401
2906,1.856329553628842
2907,8.074832589657248
2908,-3.5857718344574585
2909,7.583215112849446
2910,13.192928382179282
2911,5.937952789333291
2912,-3.992792698173281
2913,10.14372276314117
2914,17.43652624098191
2915,2.3538707605496922
2916,-2.8444162896467633
2917,5.994422881256389
2918,2.795558298127829
2919,18.094495532500762
2920,15.991374161691883
2921,-8.93080350646428
2922,-8.328858366870794
2923,-7.749780822927292
2924,-13.923090975268646
2925,-9.033050584102803
2926,3.9982225423596747
2927,2.76289017963874
2928,1.435313741538808
2929,17.157043137584314
2930,18.145119179540735
2931,7.555707587932876
2932,9.518414323450632
2933,-6.176376510082607
2934,5.998062964064632
2935,17.244227356925762
2936,42.09999891187161
2937,12.447861101615738
2938,12.99798961158059
2939,10.353424498270499
2940,4.1089369194982295
2941,5.151572194144624
2942,5.971408890701852
2943,8.672017771954987
2944,-2.8880275752218076
2945,-7.781018535368435
2946,-4.641596455445938
2947,26.36478196049403
2948,5.077884594029635
2949,13.192928382179282
2950,8.365814770157739
2951,8.153904028217474
2952,9.082315659934848
2953,5.4435951446708355
2954,16.74882308694644
2955,8.177327092968067
2956,17.276823742958925
2957,8.498074730299635
2958,8.425729605266033
2959,8.856944192832527
2960,9.317220160216664
2961,-0.8408632954078601
2962,11.925580322295115
2963,16.7964794831522
2964,27.644209975667607
2965,9.713445237190447
2966,10.185504824825784
2967,10.583297292982458
2968,10.585390942234117
2969,12.889075163188362
2970,13.886509593385782
2971,1.9439343596588134
2972,-2.999019351577786
2973,17.34949661894167
2974,0.09174802302614049
2975,24.712124483025036
2976,56.53463856747552
2977,24.99985959977024
2978,30.622801810590275
2979,20.06781110868907
2980,-4.460530624254686
2981,23.028743500166645
2982,26.36478196049403
2983,23.270106324632486
2984,6.6103137948592074
2985,7.852853013729627
2986,26.4920816255198
2987,26.353227730316313
2988,29.443014194563972
2989,31.710013256969823
2990,21.731251687311282
2991,31.477928585945847
2992,2.131611636093833
2993,1.6163842153766508
2994,1.2524382339060214
2995,66.84046079307039
2996,2.3138415307318603
2997,16.949858024809867
2998,5.819122105682887
2999,-0.19479382205202356
3000,5.844114803330511
3001,23.896839904396728
3002,10.696614640608074
3003,9.572853852934301
3004,-3.2906980027746213
3005,54.838910284464454
3006,12.681516426236982
3007,2.9718280606110596
3008,11.306263068022387
3009,-0.843623176951017
3010,-0.2620270809116998
3011,2.810779036138701
3012,9.259894068035722
3013,15.229756854854465
3014,16.820803299411015
3015,3.8872035682183217
3016,11.648579567224118
3017,13.897370877105615
3018,15.083892109829648
3019,20.33499682229329
3020,15.733204212995279
3021,8.737862260829894
3022,7.728053803625931
3023,7.311133549621852
3024,0.43114078520360843
3025,27.63794010116376
3026,16.4098553845671
3027,20.66003629311016
3028,21.56040852721951
3029,13.40685987311376
3030,14.339698950408884
3031,6.260180802513901
3032,27.43626675706708
3033,28.427672900161248
3034,-6.436924661298503
3035,-7.836159722235498
3036,14.533808380997396
3037,26.971519356134205
3038,23.728504263020696
3039,29.97471051484287
3040,10.497061337734765
3041,11.112596011931862
3042,12.474700980957698
3043,11.741098796494628
3044,14.608563493079696
3045,23.072914357920062
3046,23.75219663472872
3047,16.20476253053506
3048,23.37736330419858
3049,20.267046973532363
3050,23.927948348972812
3051,-14.823680244562576
3052,10.955817837711136
3053,1.7268272844877322
3054,16.96550139935974
3055,9.04774278770356
3056,2.4471042988754474
3057,2.340008155456694
3058,9.531164881138348
3059,15.27216174317983
3060,3.1890523345434953
3061,6.409471962301589
3062,-2.132040427454223
3063,4.583585835534425
3064,17.251332659684945
3065,-10.470198595982037
3066,4.216108159477908
3067,5.183662655158789
3068,3.8588661098050823
3069,-9.893537750463812
3070,-15.663878107988443
3071,-16.73822613106894
3072,-9.078940676646742
3073,-9.110706712338727
3074,10.958695826715328
3075,7.22475109566764
3076,14.556724487637663
3077,-7.034441932954891
3078,6.133820059420216
3079,4.875723848127317
3080,11.803798059476854
3081,15.075980160275325
3082,0.005775558167788741
3083,7.028352345360734
3084,17.10557186293726
3085,-4.896813662032358
3086,-4.33233994765249
3087,12.824622454390994
3088,8.784670930695235
3089,7.972730860975439
3090,5.700812892897892
3091,-3.728738130559855
3092,-4.33233994765249
3093,6.466778923253443
3094,-5.8530279161786325
3095,9.323924472627255
3096,7.269371240142288
3097,12.448616205416556
3098,2.6823845724618183
3099,-2.8381975069197485
3100,-16.76052569049432
3101,-9.505875328841096
3102,7.3666660738823015
3103,20.574617117031178
3104,20.334558916876894
3105,-2.9463738608297065
3106,-5.346323973065889
3107,8.73991844537652
3108,7.9895655436029
3109,5.500446015198573
3110,-4.361735155908825
3111,-3.046657537126453
3112,1.3654499150229187
3113,-8.608593492312993
3114,-7.804335299863865
3115,-3.822707419750504
3116,-10.611675517424132
3117,10.827967642049046
3118,8.698512598798784
3119,-6.372447246778215
3120,-4.858468136674015
3121,10.835011358940228
3122,-2.4674048819593413
3123,9.066736376202547
3124,18.876926705569286
3125,17.143147768448003
3126,4.583585835534425
3127,5.155633024048209
3128,1.3958963532303397
3129,11.605459324594912
3130,6.761085351530754
3131,-3.772256656441141
3132,-12.516457274861011
3133,-9.524452939025153
3134,-10.283525253479851
3135,-6.953069824472083
3136,-0.7529390582443352
3137,12.604505178027296
3138,6.738273449978092
3139,8.081435846399998
3140,12.148374376945434
3141,18.450914873260714
3142,4.576352936537645
3143,5.709027097113934
3144,-0.5836879725820832
3145,12.447861101615738
3146,6.576309350577471
3147,10.116514808726256
3148,-2.8555000882681365
3149,7.706131370416642
3150,1.3654499150229187
3151,-0.9914287600396765
3152,-5.364383329384569
3153,-4.994192701339207
3154,1.2904227892138422
3155,5.794352460644912
3156,-7.362268683664469
3157,24.454615895220083
3158,8.363329816651857
3159,8.215223918919117
3160,-4.917297962712302
3161,-14.174459913747489
3162,0.5382543932238719
3163,6.336232315315957
3164,1.715068516750561
3165,2.395541014951318
3166,-1.0187687471099602
3167,-0.24725102151292377
3168,-2.9751757245738975
3169,7.061053889574099
3170,0.5901052211200399
3171,8.219503645589214
3172,-4.193213345748837
3173,5.162649980884808
3174,2.6419348341187447
3175,-14.83154204339536
3176,-10.536579619187082
3177,26.118975854903656
3178,12.541581801225746
3179,3.755543675028357
3180,10.990508068886346
3181,11.28740261289388
3182,11.384034340784499
3183,4.594663455027822
3184,6.905074983388522
3185,5.916172415125219
3186,8.203695195754793
3187,23.47675768348828
3188,10.644704912366873
3189,9.51241032835718
3190,6.047884467059875
3191,5.090029594068287
3192,12.866999730384393
3193,8.465888307666855
3194,8.565202719061126
3195,4.196785141579979
3196,6.886458531192941
3197,5.747512093538008
3198,12.636377346165206
3199,9.913999356148647
3200,5.313856228870247
3201,6.626705002472891
3202,14.11483902180795
3203,7.036958249522472
3204,8.199639025796394
3205,-0.38254019734954214
3206,-7.893864472391236
3207,1.808672250089204
3208,4.1320917317412915
3209,1.4448111221239257
3210,3.4257721247872928
3211,4.155043563236294
3212,5.700812892897892
3213,-0.8935668540439217
3214,-0.11659610380862206
3215,-0.05341140644332221
3216,5.657481909475996
3217,15.244561231899667
3218,14.996818706016835
3219,15.726758384104045
3220,15.69584179274802
3221,-8.772024232378108
3222,-8.548692752974066
3223,-2.121962654118511
3224,-11.715558885837146
3225,16.994653135994547
3226,15.877738662681491
3227,18.197975929587454
3228,7.492960748399172
3229,7.1215066043799276
3230,0.32787737641840176
3231,8.507803850076652
3232,4.968154775478107
3233,1.4838392693382403
3234,0.18536547749488808
3235,-0.6841417711508986
3236,1.4582338633429632
3237,5.63069668485123
3238,4.830432238680993
3239,4.137356966868311
3240,16.26519858793274
3241,23.224524290553305
3242,23.028743500166645
3243,21.731251687311282
3244,10.809935178386205
3245,2.715885690201417
3246,0.7951489584957261
3247,1.1843141510039583
3248,2.875375091378187
3249,8.626613567494077
3250,5.998062964064632
3251,-5.098498323649571
3252,-7.713066071745606
3253,3.752281809488527
3254,5.027988563979232
3255,9.069824607453203
3256,3.144947024632268
3257,-1.5485347646371703
3258,6.420276651264652
3259,12.706186122481412
3260,-0.9914287600396765
3261,2.991578345337296
3262,3.6315933708726975
3263,7.116200058298359
3264,1.7505865269227572
3265,8.609497736216383
3266,3.6637680430924107
3267,14.08671094691777
3268,4.834756336163655
3269,-4.58986214749109
3270,20.837599131460728
3271,28.78474044422734
3272,15.52403908778837
3273,0.222685354693807
3274,3.1469973395416027
3275,2.354615651851364
3276,-3.8808012330938966
3277,-1.9907249935971782
3278,-2.934733515647307
3279,1.4573285918035195
3280,-3.0963812190383875
3281,-0.9069248578481997
3282,14.81382645694876
3283,0.222685354693807
3284,4.107726447780489
3285,3.862148699759401
3286,22.760048441182988
3287,28.097417955493814
3288,8.964608079296827
3289,-2.231399816896864
3290,-14.407828657243304
3291,31.508362433555597
3292,4.218296672673108
3293,-2.5945446540362775
3294,-10.006298955348562
3295,10.720843249251484
3296,2.5873408518417644
3297,13.020041383386193
3298,2.775218063174492
3299,4.190206099134705
3300,14.87283071853306
3301,3.5532496310136565
3302,8.912333412194243
3303,4.550739795564736
3304,6.651974957619769
3305,5.224877217716507
3306,4.247445160638958
3307,3.5532496310136565
3308,1.933466879803425
3309,1.409030425044448
3310,14.941722386265447
3311,-2.4465111551116006
3312,-0.5133198590074595
3313,14.941722386265447
3314,13.305588680389256
3315,-0.31039967722477524
3316,1.8918803095245549
3317,2.8836938841828426
3318,4.120772845670943
3319,0.24680300279580392
3320,0.9186486271860721
3321,1.1687970823835947
3322,0.7037140538405549
3323,20.56998994627809
3324,20.74421889198699
3325,15.435648595833957
3326,15.435648595833957
3327,0.7321828696519423
3328,-8.60884766940773
3329,-3.288155254719033
3330,1.2266161446961625
3331,20.074453978801653
3332,20.074453978801653
3333,5.00214521670282
3334,3.343139090850431
3335,-16.429872755877405
3336,4.8806322155052975
3337,5.412701535256367
3338,-1.5578791633913667
3339,-2.82958665623837
3340,-3.99569771321807
3341,-2.696422911048039
3342,6.466335643628785
3343,7.2193936270183965
3344,14.350564935874718
3345,14.158616132569222
3346,14.196663431761593
3347,19.11379569830326
3348,1.9564013794666684
3349,1.2928531680563582
3350,0.3557164766069669
3351,29.034373396226172
3352,1.6827247730415964
3353,9.152515397758593
3354,8.606884196366241
3355,-0.38254019734954214
3356,-2.6852069166022456
3357,-17.91150374014446
3358,20.63264536160561
3359,4.890482733899065
3360,18.39638529212368
3361,-16.587508620809537
3362,-16.654881205481146
3363,-25.218352696912884
3364,-15.918338890432905
3365,-4.0302297490147305
3366,-4.079043671412908
3367,-12.25313252245161
3368,-11.077406772747302
3369,-10.401735170447012
3370,-10.136329758081455
3371,-12.25313252245161
3372,4.159725022365387
3373,7.1141243638960034
3374,4.054374306648185
3375,-0.05377629115966043
3376,11.778930705057613
3377,2.2556741548025725
3378,11.182300906337133
3379,-2.8820005007250256
3380,-4.86634899396492
3381,-5.2311016632977925
3382,1.2159017680420634
3383,25.242589492600267
3384,18.27347214053372
3385,6.9336300131326105
3386,11.60154843016476
3387,2.7709107906084576
3388,5.077884594029635
3389,2.289779244289206
3390,3.808126675573118
3391,98.61395747152221
3392,99.74219696916028
3393,99.96982916075314
3394,97.77682288583843
3395,24.85827368342321
3396,26.810753701430905
3397,14.664788168122403
3398,-14.69827426284279
3399,-12.898903346804735
3400,37.679905772616145
3401,21.25693326620074
3402,21.82702024037777
3403,12.255154725554618
3404,97.34072429868476
3405,103.06244931894443
3406,68.31463223743128
3407,68.37495071846146
3408,68.47300850135
3409,68.64931431488662
3410,9.722173145595098
3411,26.5628170209378
3412,26.117620557290333
3413,55.00186040723655
3414,8.325076296082555
3415,-1.6831333346396855
3416,15.029384088634735
3417,0.4729719983965359
3418,-5.102834095909664
3419,-0.11659610380862206
3420,10.460494144327553
3421,14.090636886880517
3422,8.753673756000719
3423,17.560044618556848
3424,0.34825482374028205
3425,-1.9116058185705693
3426,10.680106484571175
3427,12.00711176951596
3428,12.92660928223804
3429,-5.67658423280468
3430,-2.473925412479474
3431,3.5962720572485516
3432,4.128984557802317
3433,4.465452811158313
3434,24.469189395153983
3435,16.94350501939816
3436,-24.444461602651714
3437,12.209187751599563
3438,15.61671939608852
3439,12.379541338023563
3440,8.325076296082555
3441,13.694379582517378
3442,28.588806747611265
3443,9.487173251497124
3444,9.850343383410094
3445,-12.926950080539669
3446,15.960481091541755
3447,63.538212539981046
3448,120.43966713332964
3449,12.558457919082286
3450,12.383629886100866
3451,8.809549209396083
3452,103.30821518194013
3453,70.27015184459479
3454,65.87282313413984
3455,99.21837017473689
3456,97.87401725097301
3457,98.45856429722744
3458,0.016472674903579954
3459,0.1371534978725184
3460,8.50244852625675
3461,8.80630389935124
3462,-3.965509550812401
3463,22.21975527101669
3464,22.275657270698094
3465,11.681580514536618
3466,13.102828617557204
3467,-6.465037131567481
3468,-2.1495846917997454
3469,-5.206744955309697
3470,9.490544067054302
3471,75.89876563910028
3472,107.51642203553348
3473,22.419594098920616
3474,23.578924459772345
3475,11.740882480238406
3476,16.230281639190252
3477,2.3427656190886657
3478,-2.1800081665851256
3479,12.607118906419831
3480,11.703029416284148
3481,102.07045929881997
3482,16.044986726859708
3483,-1.5162743280508182
3484,-0.014981099788721863
3485,26.396083827717547
3486,45.66993186088195
3487,47.15740792570365
3488,2.810779036138701
3489,28.95802371159101
3490,4.107726447780489
3491,34.350446840009035
3492,33.494785531250734
3493,31.29279595338363
3494,29.74308441510751
3495,15.270023315957246
3496,17.68641345300051
3497,26.824763726692318
3498,28.915040451776008
3499,9.01761428442968
3500,11.163139024713518
3501,25.101251233614335
3502,26.824763726692318
3503,9.967956048671823
3504,8.074832589657248
3505,4.783232098694944
3506,18.630470938411946
3507,2.810779036138701
3508,61.97777356927732
3509,59.110977829148545
3510,7.85819453467955
3511,1.9799957126058372
3512,9.674848785709072
3513,6.7974924319199825
3514,11.57964605010569
3515,10.71601148477293
3516,5.202698909748616
3517,14.093851921600955
3518,7.38775434550006
3519,120.43966713332964
3520,32.522500671838884
3521,64.13683925292636
3522,25.85946501272567
3523,23.396037098822063
3524,22.89357846100729
3525,22.436215642139647
3526,19.342609230211774
3527,19.63342247745196
3528,21.999569983435812
3529,20.917100950828782
3530,21.112309428742478
3531,20.54207326144951
3532,18.814546985451535
3533,39.289383051255854
3534,28.915040451776008
3535,22.765405408541678
3536,36.292633464086386
3537,11.57964605010569
3538,28.915040451776008
3539,39.334777449385136
3540,9.836569415681025
3541,20.3867053622902
3542,10.75434622437663
3543,13.192928382179282
3544,20.165151940666533
3545,9.736571230471453
3546,-2.5965288885246713
3547,7.230261330409782
3548,4.954235170248314
3549,72.34650220522992
3550,75.74961592779991
3551,72.69205328400932
3552,72.45707419922238
3553,17.694118073494813
3554,60.98540567793421
3555,60.781854872650555
3556,4.136659572994944
3557,17.95702444092028
3558,13.540998187072955
3559,19.233043502281642
3560,19.389845329377522
3561,-3.8007221299455205
3562,-3.5913569596534582
3563,5.4457555690575035
3564,9.600189913635779
3565,36.00982988783624
3566,1.0113288218229268
3567,41.93491219958127
3568,46.206382818650255
3569,7.897789457294694
3570,6.06605220009887
3571,-3.1653248469480095
3572,-2.4576023487077805
3573,32.24058169143067
3574,27.70878897304314
3575,20.801078429997908
3576,5.482087023386507
3577,7.983482283708437
3578,19.55269330481483
3579,20.427026825307372
3580,5.9940517282039565
3581,27.70878897304314
3582,23.39777679186191
3583,34.56377649027406
3584,18.411505167559824
3585,27.432843420104106
3586,10.116514808726256
3587,12.186818494426877
3588,17.39689405158619
3589,19.21008913217456
3590,20.6162197473158
3591,122.61990462950504
3592,102.40978094014278
3593,22.762843516707715
3594,6.182048201452231
3595,9.989929663588915
3596,19.23605313973619
3597,8.704314389517364
3598,13.864067636116712
3599,8.908601672769592
3600,17.197565085470437
3601,8.704314389517364
3602,35.47623692796981
3603,19.179254272803632
3604,19.16094051449835
3605,22.528093718020873
3606,16.230281639190252
3607,17.430515059776855
3608,11.143250723731152
3609,14.468972147947987
3610,9.600189913635779
3611,9.49200947853831
3612,5.57978674870551
3613,10.955760916150187
3614,7.050858144369185
3615,3.004139611780383
3616,0.6528006543026641
3617,4.617800522239827
3618,32.24058169143067
3619,22.61619928033481
3620,25.460908240619215
3621,22.114159913829575
3622,25.5204144008843
3623,28.915040451776008
3624,10.955760916150187
3625,20.6162197473158
3626,8.815053523606183
3627,-5.795014111003403
3628,7.219629992736612
3629,12.936149392298695
3630,19.61876946402153
3631,5.57978674870551
3632,7.183550967839224
3633,5.757669656504449
3634,8.176514782593046
3635,17.08123785673714
3636,34.350446840009035
3637,70.91018266184318
3638,68.65007324370667
3639,68.95707459018897
3640,62.44230626986331
3641,65.16179776896801
3642,22.37705645232441
3643,87.9887500724949
3644,9.932749549924672
3645,9.754357089612174
3646,10.206336070889066
3647,44.53072751281755
3648,30.705410000262688
3649,18.565252094965032
3650,25.264628762813885
3651,-0.377061620600065
3652,-0.11659610380862206
3653,2.301229397794608
3654,-3.7509943108764605
3655,3.878451426628213
3656,14.976001743919038
3657,-3.7509943108764605
3658,-7.061278550183963
3659,17.32094240790077
3660,18.845819023030035
3661,19.179254272803632
3662,22.893203659510164
3663,5.668254619764049
3664,100.89996337903084
3665,15.668678495980217
3666,16.219641844477714
3667,15.412591519569322
3668,68.03633581861581
3669,6.661432585588729
3670,7.147783310563643
3671,6.164287751364606
3672,-14.688055923143377
3673,-0.5836271961755055
3674,31.980506251781605
3675,-0.7783789942889281
3676,-2.0459926617064434
3677,23.675404185027993
3678,20.792459112086338
3679,18.546540592316795
3680,21.76106526910216
3681,12.691262861238316
3682,16.021629979506574
3683,-1.8538727325744335
3684,7.165320214087373
3685,5.937952789333291
3686,7.165320214087373
3687,0.3733697893763823
3688,1.5596682573253888
3689,1.6556329932581466
3690,8.074832589657248
3691,4.710975665130032
3692,5.2190529496064855
3693,5.284990633494491
3694,4.96273345570234
3695,6.409118193799401
3696,9.90359493840167
3697,5.957851437765941
3698,5.08085550468852
3699,21.790963558790303
3700,24.536420049333508
3701,46.47481559974972
3702,-6.390431482089314
3703,-2.5209368181414584
3704,24.43056204004792
3705,23.095058335422394
3706,11.46388285034398
3707,11.258069438134482
3708,11.180547864295674
3709,3.8009525762874388
3710,-1.9937885977575363
3711,5.777864246734159
3712,9.49200947853831
3713,20.56056056986968
3714,18.990249621588454
3715,19.32202424569318
3716,15.710132061919836
3717,15.806701994502571
3718,19.70826447497846
3719,4.688015908041294
3720,-3.279203997138076
3721,22.344095171570693
3722,21.522124003425763
3723,-21.245628773136676
3724,-18.063329009824262
3725,-0.6019755317403694
3726,17.92713711189429
3727,17.92713711189429
3728,18.34123782911375
3729,11.826062075037418
3730,18.06656209996165
3731,11.437789816594291
3732,63.003316057658836
3733,22.89466010316913
3734,29.75991485657432
3735,26.959195680075634
3736,31.163697740383043
3737,25.852427522474073
3738,2.149368859044042
3739,1.9740851885863515
3740,6.191667568690937
3741,104.54176238859289
3742,30.276993031112248
3743,12.431985873987934
3744,17.08123785673714
3745,23.02091218207828
3746,22.296993524079713
3747,21.46563430922193
3748,23.372742202315045
3749,23.333559521420455
3750,22.221969326315286
3751,23.021811613706085
3752,24.180058187886647
3753,26.297337634719764
3754,41.22672094086887
3755,57.76612757904328
3756,60.192359058823286
3757,2.7273420339423344
3758,18.827282110006173
3759,-3.1653248469480095
3760,3.4651392295440724
3761,14.930138370498113
3762,17.040187715382807
3763,11.890864605936189
3764,10.748287909214463
3765,19.165386750318085
3766,42.225691998984246
3767,19.277374381775942
3768,4.523516805778546
3769,4.523516805778546
3770,4.523516805778546
3771,10.206336070889066
3772,10.0330690303757
3773,28.596589399097674
3774,19.93733673800808
3775,27.432843420104106
3776,9.576399320628946
3777,10.880683705516683
3778,18.241154090979045
3779,19.41461776528474
3780,20.44962898438236
3781,21.31884647105187
3782,-2.819961518459505
3783,22.21367374255336
3784,18.87703516092787
3785,17.81132750806593
3786,21.33861624464557
3787,9.366535294082464
3788,8.555264014910396
3789,33.11381359050613
3790,17.48164276531905
3791,11.50510162927265
3792,19.478587310618217
3793,13.2331092784558
3794,8.382401964769063
3795,16.104801793550827
3796,8.976017154838111
3797,9.564328863742315
3798,13.549033490709594
3799,8.076767560202109
3800,2.77329314396772
3801,17.040187715382807
3802,-2.773047278497418
3803,19.61876946402153
3804,9.343339649034233
3805,1.4042585140787924
3806,1.6314486836311088
3807,2.2185635762229783
3808,17.998599549159195
3809,4.136659572994944
3810,94.70954300176786
3811,95.15511590382356
3812,62.53078868165261
3813,66.2012478733367
3814,78.21189308231835
3815,68.68703713362059
3816,77.47670821894053
3817,90.39550133074665
3818,93.91240409557123
3819,51.8388480278022
3820,18.257840373286975
3821,24.559377778740807
3822,-15.18872471265036
3823,19.734674410001276
3824,27.360591843479213
3825,-1.6831333346396855
3826,3.543413677980073
3827,17.880729575405752
3828,0.7968291849558553
3829,0.7968291849558553
3830,-2.0933274810651072
3831,16.230281639190252
3832,21.31884647105187
3833,5.819122105682887
3834,8.003106016963102
3835,7.411654767454674
3836,6.888678082263853
3837,5.965177276191868
3838,0.3865962219416206
3839,5.957279760447632
3840,-20.15556344167424
3841,-17.007919863108523
3842,-6.933400371502391
3843,3.3392066573974652
3844,10.854790853006197
3845,20.01469742485937
3846,30.520675265448368
3847,13.2331092784558
3848,60.5657538706105
3849,59.25513674008558
3850,19.31106515717521
3851,12.960147009105945
3852,18.243414355578395
3853,25.308323313139862
3854,6.496948604080867
3855,58.35125653429827
3856,-12.926950080539669
3857,17.303737267874546
3858,21.237536848776873
3859,19.779992070421514
3860,9.49200947853831
3861,18.099157645047008
3862,15.883360536040076
3863,13.2331092784558
3864,26.36478196049403
3865,28.22617126030498
3866,27.99346099438595
3867,18.727783596802958
3868,8.893449729512968
3869,12.970687175361505
3870,22.82129838475954
3871,1.4055562469542373
3872,3.4737317929736466
3873,-8.290531992075088
3874,14.566518759966684
3875,13.623202038421201
3876,25.91687497894801
3877,10.311824007578158
3878,17.154553322645427
3879,6.455298891848907
3880,7.219629992736612
3881,7.266765650382752
3882,27.64863223785211
3883,74.3247806723669
3884,69.75233012861189
3885,69.45806306598949
3886,68.80929768925142
3887,68.46947799541249
3888,5.624871675336982
3889,71.31795282153105
3890,71.08896242111915
3891,19.26382113708079
3892,33.326885815665385
3893,32.08628044591039
3894,41.901411825803436
3895,12.000561655432218
3896,15.502410743057567
3897,6.019681262927504
3898,7.602605994195942
3899,18.515673499937925
3900,6.412781223534138
3901,6.412781223534138
3902,19.554214464650745
3903,24.025947704967884
3904,21.185430314109105
3905,8.647307686024924
3906,5.624871675336982
3907,4.44641155554916
3908,3.5587215792985605
3909,16.123439806507687
3910,9.883090112130395
3911,22.17763622167242
3912,23.242095677335442
3913,23.661461544196268
3914,20.58248970746027
3915,29.672344194431993
3916,-2.7054335069301567
3917,8.031875565272157
3918,1.586294011517757
3919,4.176661224907103
3920,4.484676624039116
3921,-9.057437712933208
3922,3.227834935897569
3923,27.355332349479376
3924,23.178872181642518
3925,11.410177894738078
3926,11.159037682795244
3927,11.404094189787486
3928,74.61672587925113
3929,105.86874443016004
3930,44.119416689955834
3931,41.89277165576341
3932,40.57874746861402
3933,42.19106693590008
3934,8.438900570718914
3935,11.202473296547028
3936,-15.426256332125432
3937,97.93035766415362
3938,97.25157494235597
3939,0.7233258809202163
3940,22.32896132827676
3941,8.799804052947483
3942,20.058078901623375
3943,20.56056056986968
3944,17.160679861045125
3945,15.32626993553605
3946,25.40217605647904
3947,22.21037486672087
3948,20.501563738201455
3949,-3.2675850079201245
3950,-3.1599370449501487
3951,9.949274086372776
3952,-2.3600902064241094
3953,21.385131601884954
3954,-1.0798937561277073
3955,10.253522262410302
3956,14.084092372877386
3957,15.161727328298689
3958,13.075980811440118
3959,4.136659572994944
3960,18.298222656826514
3961,19.61876946402153
3962,19.76863461751408
3963,18.431761668090214
3964,-2.9336087323841507
3965,9.048797942115925
3966,21.02934388318101
3967,19.350036256998695
3968,2.694592308533287
3969,15.713032679809416
3970,20.22371014797179
3971,27.432843420104106
3972,10.198073853959437
3973,9.626374345223518
3974,-17.924480012612484
3975,2.237271026439352
3976,4.216256173706471
3977,26.513079621556663
3978,27.845866297799297
3979,29.713487513199816
3980,31.347824187051266
3981,6.211834307529806
3982,-1.6831333346396855
3983,-8.64254584278201
3984,2.678041468958919
3985,8.43245515511507
3986,-1.0238263557134104
3987,-1.3534188442050272
3988,29.38009837446915
3989,24.31620926823957
3990,29.478509585367284
3991,11.404094189787486
3992,25.720314270815024
3993,29.071427840701
3994,8.973738459756156
3995,24.05850303676107
3996,-1.7092408014255631
3997,4.5238615160152
3998,-3.966510676072498
3999,-4.075308539201217
4000,89.56951086621135
4001,0.28890589827530944
4002,8.613707743126954
4003,8.893474942979267
4004,8.7769422372116
4005,7.135753200514678
4006,18.69922619998881
4007,5.4664352485473735
4008,11.775744262732598
4009,7.4889933589173605
4010,15.480014624636691
4011,16.90237621067595
4012,25.347363496962725
4013,7.069706009472586
4014,13.872794902017116
4015,-8.164390660500997
4016,-6.469054851518466
4017,26.36478196049403
4018,13.705082936584049
4019,2.8405064206700947
4020,2.78635308794666
4021,2.746850774726215
4022,15.721215514262322
4023,38.568706906056605
4024,-7.014924219999006
4025,6.559593224664029
4026,2.7099438113611276
4027,9.866544874742328
4028,0.26302896941869447
4029,27.082406487055025
4030,4.173285998439633
4031,8.973738459756156
4032,24.127850353749245
4033,22.404347558440627
4034,5.325604383124942
4035,6.2102500173885105
4036,6.346217798815786
4037,11.949744425838862
4038,-1.4649909043129592
4039,-5.308439363095022
4040,5.920110140654149
4041,20.30699824666783
4042,31.289962654821636
4043,33.47671897457941
4044,70.4482397279622
4045,15.140288165263133
4046,22.08557364593711
4047,-5.039185686264864
4048,0.8106172081734018
4049,-2.6361134753306237
4050,21.810641521113226
4051,25.963604034149196
4052,16.9303207090447
4053,9.42927952160509
4054,0.2390726498887057
4055,31.269424055317252
4056,7.219629992736612
4057,12.783661246155528
4058,12.914346624823356
4059,12.559286556945292
4060,10.627656402016676
4061,43.9358507260767
4062,3.5704262679439296
4063,-2.8200474352348386
4064,4.467287588764936
4065,3.473692443667824
4066,5.431271328929398
4067,3.3453137600839487
4068,-1.4661694923474613
4069,18.662412161717803
4070,8.973738459756156
4071,22.907949545473535
4072,22.57764854942637
4073,23.876960372613055
4074,12.541723451385952
4075,-0.11767452776877141
4076,-0.6400884061540308
4077,10.826084474154513
4078,10.03646360741348
4079,13.469163989613577
4080,12.914346624823356
4081,11.88743038474944
4082,11.81345793495711
4083,16.12975098353292
4084,17.57760379229571
4085,16.81347831025617
4086,34.528594544287245
4087,34.474228352213046
4088,8.76574699297538
4089,60.26844414330786
4090,19.892241214685413
4091,17.585187345356907
4092,16.937647697641623
4093,20.86840307114333
4094,6.402344428700438
4095,12.853189431345708
4096,10.017875506944575
4097,11.839017974188348
4098,30.35136626237135
4099,15.076957200341834
4100,16.37910453402807
4101,12.355757503987745
4102,22.956004153911223
4103,19.751743651284006
4104,19.308602925634744
4105,19.49996801460091
4106,20.61479278466858
4107,18.940254913406065
4108,20.460367024295607
4109,-0.4504183801351189
4110,11.303023779743771
4111,9.379559043011815
4112,36.58465570825286
4113,5.76335263031676
4114,4.804430109105557
4115,43.63471734284924
4116,1.9158059385920865
4117,46.1530593469733
4118,23.477727136020924
4119,8.932931037484842
4120,-1.9061320763734215
4121,5.431760799928915
4122,13.694379582517378
4123,8.932931037484842
4124,9.788791286207665
4125,29.621652263376212
4126,22.039128721380276
4127,22.207293302533344
4128,12.853189431345708
4129,17.565123715437867
4130,20.579552579236942
4131,22.344095171570693
4132,30.705410000262688
4133,20.157953618561848
4134,8.169331520153165
4135,24.010039763186747
4136,19.89965444671781
4137,69.42889425559858
4138,7.856217425586264
4139,8.148695625594806
4140,8.670677576331826
4141,4.485135130774078
4142,10.729723878097222
4143,14.057774039461382
4144,8.743138754747815
4145,12.424764539380753
4146,18.17355097720902
4147,8.52606297372431
4148,11.88743038474944
4149,16.12975098353292
4150,12.663236669824443
4151,11.404094189787486
4152,14.533808380997396
4153,4.593140604930419
4154,0.14048369744862566
4155,1.1359495488035236
4156,45.606902188427505
4157,3.7112291036271454
4158,1.0093871791324815
4159,2.8938717147764166
4160,14.824570430372571
4161,14.511393056200458
4162,5.901040693339052
4163,8.932931037484842
4164,-6.0141922382537025
4165,-0.8114577969625696
4166,25.720314270815024
4167,-5.50084291826208
4168,16.875040993769275
4169,20.03472413785275
4170,11.875994237854158
4171,11.601187677980906
4172,11.13087659460914
4173,10.666014431104436
4174,2.352293682926171
4175,2.1682692702063706
4176,25.395996031537763
4177,20.632208963503388
4178,30.183560410293467
4179,11.159037682795244
4180,27.02018643116879
4181,19.31908031023768
4182,20.137791677295787
4183,20.61244730480064
4184,49.20587614122805
4185,53.125512685951506
4186,23.024352856501675
4187,22.985733534181527
4188,18.431761668090214
4189,20.10446735671631
4190,24.67110709468775
4191,19.377883043179125
4192,7.618387453943686
4193,12.699908697828672
4194,12.605968051474948
4195,29.740157378544076
4196,-9.737252802727586
4197,-8.591642695952505
4198,-3.1674673754696805
4199,18.298222656826514
4200,3.3592265040219234
4201,2.984341843051781
4202,-0.91914276797799
4203,1.4246770658750654
4204,29.30632610384683
4205,23.483413290281803
4206,23.571030376642877
4207,22.757414570786473
4208,22.63722461062787
4209,115.1128751048711
4210,111.43637918658244
4211,-12.248007189792764
4212,10.998267731221626
4213,-1.0067506038762226
4214,-0.19479382205202356
4215,5.162258785919107
4216,5.842103102383367
4217,6.444783997336639
4218,7.618387453943686
4219,28.596589399097674
4220,18.12054178093107
4221,32.7425545634272
4222,2.7863928859428757
4223,23.03510672641673
4224,17.462241902869774
4225,2.715885690201417
4226,0.7951489584957261
4227,-0.6980706998312574
4228,24.97537559886899
4229,7.946097952138915
4230,7.069706009472586
4231,-3.140870885223176
4232,3.054138405662864
4233,-2.473925412479474
4234,-3.1842898667763864
4235,5.5808901049150155
4236,18.831791414262163
4237,18.549970983772486
4238,18.918081603656383
4239,20.022378756583862
4240,2.7309205324707726
4241,0.6001618335991186
4242,-2.06267337645769
4243,6.6051804178768325
4244,5.0514515446275325
4245,2.9936450582366048
4246,18.114568020858776
4247,16.710424664470434
4248,16.822097896140487
4249,1.8113044789530113
4250,2.7017141920807486
4251,19.299595254604064
4252,19.299595254604064
